-- phpMyAdmin SQL Dump
-- version 4.7.9
-- https://www.phpmyadmin.net/
--
-- Host: 127.0.0.1:3306
-- Generation Time: Apr 24, 2019 at 04:20 AM
-- Server version: 5.7.21
-- PHP Version: 7.2.4

SET SQL_MODE = "NO_AUTO_VALUE_ON_ZERO";
SET AUTOCOMMIT = 0;
START TRANSACTION;
SET time_zone = "+00:00";


/*!40101 SET @OLD_CHARACTER_SET_CLIENT=@@CHARACTER_SET_CLIENT */;
/*!40101 SET @OLD_CHARACTER_SET_RESULTS=@@CHARACTER_SET_RESULTS */;
/*!40101 SET @OLD_COLLATION_CONNECTION=@@COLLATION_CONNECTION */;
/*!40101 SET NAMES utf8mb4 */;

--
-- Database: `sdp`
--

-- --------------------------------------------------------

--
-- Table structure for table `announcements`
--

DROP TABLE IF EXISTS `announcements`;
CREATE TABLE IF NOT EXISTS `announcements` (
  `Announcement_ID` char(8) NOT NULL,
  `Announcement_Title` varchar(255) NOT NULL,
  `Announcement_Statement` text NOT NULL,
  `Announcement_DateTime` datetime NOT NULL,
  `Announcement_Public` tinyint(1) NOT NULL,
  `Club_ID` char(6) DEFAULT NULL,
  `Event_ID` char(10) DEFAULT NULL,
  PRIMARY KEY (`Announcement_ID`),
  KEY `Event_ID` (`Event_ID`),
  KEY `announcements_ibfk_1` (`Club_ID`)
) ENGINE=InnoDB DEFAULT CHARSET=latin1;

--
-- Dumping data for table `announcements`
--

INSERT INTO `announcements` (`Announcement_ID`, `Announcement_Title`, `Announcement_Statement`, `Announcement_DateTime`, `Announcement_Public`, `Club_ID`, `Event_ID`) VALUES
('AN000000', 'APU International Study Tour 2019 - Maldives', 'It’s time to express your love for the beaches and oceans - we are organising a Study Tour to the beautiful islands of Maldives! At this tour, learn more about natural coral reefs, environmental sustainability and EXPLORE the amazing natural wonders at the exciting sessions prepared just for you! For more info, visit our information counter at APU New Campus Level 3.', '2019-04-23 12:28:47', 1, NULL, NULL),
('AN000001', 'Training(25-4-2019) Cancelled', 'We cancelled our training on 25-4-2019(Thursday) 6pm-9pm. Sorry for any inconvenience. ', '2019-04-23 12:45:18', 0, 'CB0002', NULL),
('AN000002', 'Member Recruitment', 'We always recruiting the new members that are passionate to join us. For more information, please contact 016-45362719(Jozhua).', '2019-04-23 12:47:08', 1, 'CB0002', NULL),
('AN000003', 'Vestibulum ante ipsum primis in faucibus ', 'Quisque dui dui, iaculis sed bibendum sed, commodo vitae est. Praesent commodo nisl eget felis sodales placerat. Praesent eget viverra nibh, vel imperdiet magna. Phasellus venenatis enim porta, porta risus ut, egestas quam. Nam in arcu auctor, iaculis nulla nec, pharetra ipsum. Ut egestas orci laoreet, sagittis nisl vitae, laoreet nunc. Nam id malesuada arcu, non lobortis turpis.', '2019-01-28 13:39:33', 1, NULL, 'EV00000001'),
('AN000004', 'Sed vitae odio sagittis', 'Vestibulum ante ipsum primis in faucibus orci luctus et ultrices posuere cubilia Curae; Sed vitae odio sagittis, euismod odio at, scelerisque erat. Nullam non tortor aliquam, rhoncus tortor quis, hendrerit nunc. Nulla id nisl massa. Aliquam erat volutpat. Mauris sit amet volutpat elit, non feugiat nulla. Integer quis risus a turpis ultrices tristique. Maecenas non libero finibus, interdum ipsum non, convallis elit.', '2019-04-23 13:39:52', 0, NULL, 'EV00000001'),
('AN000005', 'Chess Tournament Announcement', 'Vestibulum ante ipsum primis in faucibus orci luctus et ultrices posuere cubilia Curae; Sed vitae odio sagittis, euismod odio at, scelerisque erat. Nullam non tortor aliquam, rhoncus tortor quis, hendrerit nunc. Nulla id nisl massa. Aliquam erat volutpat. Mauris sit amet volutpat elit, non feugiat nulla. Integer quis risus a turpis ultrices tristique. Maecenas non libero finibus, interdum ipsum non, convallis elit.', '2019-04-23 14:39:53', 1, NULL, 'EV00000006');

-- --------------------------------------------------------

--
-- Table structure for table `attendances`
--

DROP TABLE IF EXISTS `attendances`;
CREATE TABLE IF NOT EXISTS `attendances` (
  `Attendance_ID` int(10) NOT NULL AUTO_INCREMENT,
  `Attendance_Presence` tinyint(1) NOT NULL,
  `User_ID` char(8) NOT NULL,
  `Club_ID` char(6) DEFAULT NULL,
  `Event_ID` char(10) DEFAULT NULL,
  `TotalAttendance_ID` int(8) NOT NULL,
  PRIMARY KEY (`Attendance_ID`),
  KEY `attendances_ibfk_2` (`User_ID`),
  KEY `attendances_ibfk_4` (`TotalAttendance_ID`),
  KEY `attendances_ibfk_3` (`Event_ID`),
  KEY `attendances_ibfk_1` (`Club_ID`)
) ENGINE=InnoDB AUTO_INCREMENT=847 DEFAULT CHARSET=latin1;

--
-- Dumping data for table `attendances`
--

INSERT INTO `attendances` (`Attendance_ID`, `Attendance_Presence`, `User_ID`, `Club_ID`, `Event_ID`, `TotalAttendance_ID`) VALUES
(1, 1, 'TP046241', NULL, 'EV00000000', 1),
(2, 1, 'TP046735', NULL, 'EV00000000', 1),
(3, 0, 'TP044436', NULL, 'EV00000000', 1),
(4, 1, 'TP047823', NULL, 'EV00000000', 1),
(5, 1, 'TP046533', NULL, 'EV00000000', 1),
(6, 1, 'TP046241', NULL, 'EV00000000', 2),
(7, 1, 'TP046735', NULL, 'EV00000000', 2),
(8, 1, 'TP044436', NULL, 'EV00000000', 2),
(9, 1, 'TP047823', NULL, 'EV00000000', 2),
(10, 1, 'TP046533', NULL, 'EV00000000', 2),
(11, 1, 'TP046241', NULL, 'EV00000000', 3),
(12, 1, 'TP046735', NULL, 'EV00000000', 3),
(13, 1, 'TP044436', NULL, 'EV00000000', 3),
(14, 0, 'TP047823', NULL, 'EV00000000', 3),
(15, 1, 'TP046533', NULL, 'EV00000000', 3),
(16, 1, 'TP046241', NULL, 'EV00000000', 4),
(17, 1, 'TP046735', NULL, 'EV00000000', 4),
(18, 1, 'TP044436', NULL, 'EV00000000', 4),
(19, 0, 'TP047823', NULL, 'EV00000000', 4),
(20, 0, 'TP046533', NULL, 'EV00000000', 4),
(41, 1, 'TP044369', NULL, 'EV00000001', 9),
(42, 0, 'TP046533', NULL, 'EV00000001', 9),
(43, 1, 'TP044550', NULL, 'EV00000001', 9),
(44, 1, 'TP044143', NULL, 'EV00000001', 9),
(45, 1, 'TP044248', NULL, 'EV00000001', 9),
(46, 1, 'TP047546', NULL, 'EV00000001', 9),
(47, 0, 'TP044488', NULL, 'EV00000001', 9),
(48, 1, 'TP044369', NULL, 'EV00000001', 10),
(49, 1, 'TP046533', NULL, 'EV00000001', 10),
(50, 1, 'TP044550', NULL, 'EV00000001', 10),
(51, 0, 'TP044143', NULL, 'EV00000001', 10),
(52, 1, 'TP044248', NULL, 'EV00000001', 10),
(53, 1, 'TP047546', NULL, 'EV00000001', 10),
(54, 1, 'TP044488', NULL, 'EV00000001', 10),
(55, 1, 'TP044369', NULL, 'EV00000001', 11),
(56, 1, 'TP046533', NULL, 'EV00000001', 11),
(57, 1, 'TP044550', NULL, 'EV00000001', 11),
(58, 1, 'TP044143', NULL, 'EV00000001', 11),
(59, 0, 'TP044248', NULL, 'EV00000001', 11),
(60, 1, 'TP047546', NULL, 'EV00000001', 11),
(61, 1, 'TP044488', NULL, 'EV00000001', 11),
(62, 1, 'TP044369', NULL, 'EV00000001', 12),
(63, 1, 'TP046533', NULL, 'EV00000001', 12),
(64, 1, 'TP044550', NULL, 'EV00000001', 12),
(65, 1, 'TP044143', NULL, 'EV00000001', 12),
(66, 1, 'TP044248', NULL, 'EV00000001', 12),
(67, 1, 'TP047546', NULL, 'EV00000001', 12),
(68, 0, 'TP044488', NULL, 'EV00000001', 12),
(69, 1, 'TP047308', NULL, 'EV00000002', 13),
(70, 1, 'TP047951', NULL, 'EV00000002', 13),
(71, 0, 'TP047167', NULL, 'EV00000002', 13),
(72, 1, 'TP044832', NULL, 'EV00000002', 13),
(73, 1, 'TP047725', NULL, 'EV00000002', 13),
(74, 1, 'TP044855', NULL, 'EV00000002', 13),
(75, 0, 'TP047308', NULL, 'EV00000002', 14),
(76, 1, 'TP047951', NULL, 'EV00000002', 14),
(77, 1, 'TP047167', NULL, 'EV00000002', 14),
(78, 1, 'TP044832', NULL, 'EV00000002', 14),
(79, 1, 'TP047725', NULL, 'EV00000002', 14),
(80, 1, 'TP044855', NULL, 'EV00000002', 14),
(81, 1, 'TP047308', NULL, 'EV00000002', 15),
(82, 1, 'TP047951', NULL, 'EV00000002', 15),
(83, 1, 'TP047167', NULL, 'EV00000002', 15),
(84, 0, 'TP044832', NULL, 'EV00000002', 15),
(85, 0, 'TP047725', NULL, 'EV00000002', 15),
(86, 1, 'TP044855', NULL, 'EV00000002', 15),
(87, 1, 'TP047308', NULL, 'EV00000002', 16),
(88, 1, 'TP047951', NULL, 'EV00000002', 16),
(89, 1, 'TP047167', NULL, 'EV00000002', 16),
(90, 1, 'TP044832', NULL, 'EV00000002', 16),
(91, 1, 'TP047725', NULL, 'EV00000002', 16),
(92, 1, 'TP044855', NULL, 'EV00000002', 16),
(93, 1, 'TP047167', NULL, 'EV00000003', 17),
(94, 1, 'TP047725', NULL, 'EV00000003', 17),
(95, 1, 'TP047050', NULL, 'EV00000003', 17),
(96, 1, 'TP047592', NULL, 'EV00000003', 17),
(97, 1, 'TP044855', NULL, 'EV00000003', 17),
(98, 1, 'TP047167', NULL, 'EV00000003', 18),
(99, 1, 'TP047725', NULL, 'EV00000003', 18),
(100, 0, 'TP047050', NULL, 'EV00000003', 18),
(101, 0, 'TP047592', NULL, 'EV00000003', 18),
(102, 1, 'TP044855', NULL, 'EV00000003', 18),
(103, 1, 'TP047167', NULL, 'EV00000003', 19),
(104, 1, 'TP047725', NULL, 'EV00000003', 19),
(105, 1, 'TP047050', NULL, 'EV00000003', 19),
(106, 1, 'TP047592', NULL, 'EV00000003', 19),
(107, 0, 'TP044855', NULL, 'EV00000003', 19),
(108, 1, 'TP047167', NULL, 'EV00000003', 20),
(109, 1, 'TP047725', NULL, 'EV00000003', 20),
(110, 1, 'TP047050', NULL, 'EV00000003', 20),
(111, 1, 'TP047592', NULL, 'EV00000003', 20),
(112, 1, 'TP044855', NULL, 'EV00000003', 20),
(113, 1, 'TP047051', NULL, 'EV00000004', 21),
(114, 1, 'TP047725', NULL, 'EV00000004', 21),
(115, 1, 'TP044143', NULL, 'EV00000004', 21),
(116, 1, 'TP047772', NULL, 'EV00000004', 21),
(117, 1, 'TP046984', NULL, 'EV00000004', 21),
(118, 1, 'TP044239', NULL, 'EV00000004', 21),
(119, 1, 'TP047051', NULL, 'EV00000004', 22),
(120, 1, 'TP047725', NULL, 'EV00000004', 22),
(121, 0, 'TP044143', NULL, 'EV00000004', 22),
(122, 0, 'TP047772', NULL, 'EV00000004', 22),
(123, 1, 'TP046984', NULL, 'EV00000004', 22),
(124, 1, 'TP044239', NULL, 'EV00000004', 22),
(125, 1, 'TP047051', NULL, 'EV00000004', 23),
(126, 1, 'TP047725', NULL, 'EV00000004', 23),
(127, 1, 'TP044143', NULL, 'EV00000004', 23),
(128, 1, 'TP047772', NULL, 'EV00000004', 23),
(129, 0, 'TP046984', NULL, 'EV00000004', 23),
(130, 1, 'TP044239', NULL, 'EV00000004', 23),
(131, 1, 'TP047051', NULL, 'EV00000004', 24),
(132, 1, 'TP047725', NULL, 'EV00000004', 24),
(133, 1, 'TP044143', NULL, 'EV00000004', 24),
(134, 0, 'TP047772', NULL, 'EV00000004', 24),
(135, 1, 'TP044239', NULL, 'EV00000004', 24),
(136, 1, 'TP046984', NULL, 'EV00000004', 24),
(137, 1, 'TP047051', NULL, 'EV00000004', 25),
(138, 1, 'TP047725', NULL, 'EV00000004', 25),
(139, 1, 'TP044143', NULL, 'EV00000004', 25),
(140, 1, 'TP047772', NULL, 'EV00000004', 25),
(141, 1, 'TP046984', NULL, 'EV00000004', 25),
(142, 1, 'TP044239', NULL, 'EV00000004', 25),
(143, 1, 'TP046395', NULL, 'EV00000005', 26),
(144, 1, 'TP046981', NULL, 'EV00000005', 26),
(145, 1, 'TP046735', NULL, 'EV00000005', 26),
(146, 1, 'TP047051', NULL, 'EV00000005', 26),
(147, 1, 'TP047167', NULL, 'EV00000005', 26),
(148, 1, 'TP045691', NULL, 'EV00000005', 26),
(149, 1, 'TP046981', NULL, 'EV00000005', 27),
(150, 1, 'TP046395', NULL, 'EV00000005', 27),
(151, 0, 'TP046735', NULL, 'EV00000005', 27),
(152, 1, 'TP047051', NULL, 'EV00000005', 27),
(153, 1, 'TP047167', NULL, 'EV00000005', 27),
(154, 1, 'TP045691', NULL, 'EV00000005', 27),
(155, 0, 'TP046395', NULL, 'EV00000005', 28),
(156, 1, 'TP046981', NULL, 'EV00000005', 28),
(157, 1, 'TP046735', NULL, 'EV00000005', 28),
(158, 1, 'TP047051', NULL, 'EV00000005', 28),
(159, 1, 'TP047167', NULL, 'EV00000005', 28),
(160, 1, 'TP045691', NULL, 'EV00000005', 28),
(161, 1, 'TP046395', NULL, 'EV00000005', 29),
(162, 1, 'TP046981', NULL, 'EV00000005', 29),
(163, 1, 'TP046735', NULL, 'EV00000005', 29),
(164, 1, 'TP047051', NULL, 'EV00000005', 29),
(165, 1, 'TP047167', NULL, 'EV00000005', 29),
(166, 0, 'TP045691', NULL, 'EV00000005', 29),
(167, 1, 'TP046241', 'CB0002', NULL, 30),
(168, 1, 'TP046735', 'CB0002', NULL, 30),
(169, 1, 'TP044436', 'CB0002', NULL, 30),
(170, 1, 'TP047823', 'CB0002', NULL, 30),
(171, 1, 'TP044369', 'CB0002', NULL, 30),
(172, 1, 'TP046533', 'CB0002', NULL, 30),
(173, 0, 'TP044550', 'CB0002', NULL, 30),
(174, 1, 'TP044143', 'CB0002', NULL, 30),
(175, 1, 'TP044248', 'CB0002', NULL, 30),
(176, 0, 'TP044239', 'CB0002', NULL, 30),
(177, 1, 'TP047546', 'CB0002', NULL, 30),
(178, 1, 'TP044488', 'CB0002', NULL, 30),
(179, 1, 'TP046241', 'CB0002', NULL, 31),
(180, 1, 'TP046735', 'CB0002', NULL, 31),
(181, 1, 'TP044436', 'CB0002', NULL, 31),
(182, 0, 'TP047823', 'CB0002', NULL, 31),
(183, 1, 'TP044369', 'CB0002', NULL, 31),
(184, 0, 'TP046533', 'CB0002', NULL, 31),
(185, 1, 'TP044550', 'CB0002', NULL, 31),
(186, 1, 'TP044143', 'CB0002', NULL, 31),
(187, 1, 'TP044248', 'CB0002', NULL, 31),
(188, 1, 'TP044239', 'CB0002', NULL, 31),
(189, 1, 'TP047546', 'CB0002', NULL, 31),
(190, 0, 'TP044488', 'CB0002', NULL, 31),
(191, 1, 'TP046241', 'CB0002', NULL, 32),
(192, 1, 'TP046735', 'CB0002', NULL, 32),
(193, 1, 'TP044436', 'CB0002', NULL, 32),
(194, 1, 'TP047823', 'CB0002', NULL, 32),
(195, 1, 'TP044369', 'CB0002', NULL, 32),
(196, 1, 'TP046533', 'CB0002', NULL, 32),
(197, 1, 'TP044550', 'CB0002', NULL, 32),
(198, 0, 'TP044143', 'CB0002', NULL, 32),
(199, 0, 'TP044248', 'CB0002', NULL, 32),
(200, 1, 'TP044239', 'CB0002', NULL, 32),
(201, 0, 'TP047546', 'CB0002', NULL, 32),
(202, 1, 'TP044488', 'CB0002', NULL, 32),
(203, 1, 'TP046241', 'CB0002', NULL, 33),
(204, 1, 'TP046735', 'CB0002', NULL, 33),
(205, 1, 'TP044436', 'CB0002', NULL, 33),
(206, 1, 'TP047823', 'CB0002', NULL, 33),
(207, 1, 'TP044369', 'CB0002', NULL, 33),
(208, 1, 'TP046533', 'CB0002', NULL, 33),
(209, 1, 'TP044550', 'CB0002', NULL, 33),
(210, 1, 'TP044143', 'CB0002', NULL, 33),
(211, 1, 'TP044248', 'CB0002', NULL, 33),
(212, 0, 'TP044239', 'CB0002', NULL, 33),
(213, 1, 'TP047546', 'CB0002', NULL, 33),
(214, 1, 'TP044488', 'CB0002', NULL, 33),
(215, 1, 'TP046241', 'CB0002', NULL, 34),
(216, 1, 'TP046735', 'CB0002', NULL, 34),
(217, 1, 'TP044436', 'CB0002', NULL, 34),
(218, 0, 'TP047823', 'CB0002', NULL, 34),
(219, 0, 'TP044369', 'CB0002', NULL, 34),
(220, 1, 'TP046533', 'CB0002', NULL, 34),
(221, 1, 'TP044550', 'CB0002', NULL, 34),
(222, 1, 'TP044143', 'CB0002', NULL, 34),
(223, 1, 'TP044248', 'CB0002', NULL, 34),
(224, 1, 'TP044239', 'CB0002', NULL, 34),
(225, 1, 'TP047546', 'CB0002', NULL, 34),
(226, 1, 'TP044488', 'CB0002', NULL, 34),
(227, 1, 'TP046241', 'CB0002', NULL, 35),
(228, 0, 'TP046735', 'CB0002', NULL, 35),
(229, 0, 'TP044436', 'CB0002', NULL, 35),
(230, 1, 'TP047823', 'CB0002', NULL, 35),
(231, 1, 'TP044369', 'CB0002', NULL, 35),
(232, 1, 'TP046533', 'CB0002', NULL, 35),
(233, 1, 'TP044550', 'CB0002', NULL, 35),
(234, 1, 'TP044143', 'CB0002', NULL, 35),
(235, 1, 'TP044248', 'CB0002', NULL, 35),
(236, 1, 'TP044239', 'CB0002', NULL, 35),
(237, 0, 'TP047546', 'CB0002', NULL, 35),
(238, 1, 'TP044488', 'CB0002', NULL, 35),
(239, 1, 'TP046241', 'CB0002', NULL, 36),
(240, 0, 'TP046735', 'CB0002', NULL, 36),
(241, 1, 'TP044436', 'CB0002', NULL, 36),
(242, 1, 'TP047823', 'CB0002', NULL, 36),
(243, 1, 'TP044369', 'CB0002', NULL, 36),
(244, 1, 'TP046533', 'CB0002', NULL, 36),
(245, 1, 'TP044550', 'CB0002', NULL, 36),
(246, 0, 'TP044143', 'CB0002', NULL, 36),
(247, 1, 'TP044248', 'CB0002', NULL, 36),
(248, 1, 'TP044239', 'CB0002', NULL, 36),
(249, 1, 'TP047546', 'CB0002', NULL, 36),
(250, 1, 'TP044488', 'CB0002', NULL, 36),
(251, 0, 'TP046241', 'CB0002', NULL, 37),
(252, 1, 'TP046735', 'CB0002', NULL, 37),
(253, 0, 'TP044436', 'CB0002', NULL, 37),
(254, 1, 'TP047823', 'CB0002', NULL, 37),
(255, 1, 'TP044369', 'CB0002', NULL, 37),
(256, 1, 'TP046533', 'CB0002', NULL, 37),
(257, 0, 'TP044550', 'CB0002', NULL, 37),
(258, 0, 'TP044143', 'CB0002', NULL, 37),
(259, 1, 'TP044248', 'CB0002', NULL, 37),
(260, 1, 'TP044239', 'CB0002', NULL, 37),
(261, 0, 'TP047546', 'CB0002', NULL, 37),
(262, 1, 'TP044488', 'CB0002', NULL, 37),
(263, 1, 'TP046241', 'CB0002', NULL, 38),
(264, 1, 'TP046735', 'CB0002', NULL, 38),
(265, 1, 'TP044436', 'CB0002', NULL, 38),
(266, 0, 'TP047823', 'CB0002', NULL, 38),
(267, 1, 'TP044369', 'CB0002', NULL, 38),
(268, 1, 'TP046533', 'CB0002', NULL, 38),
(269, 1, 'TP044550', 'CB0002', NULL, 38),
(270, 1, 'TP044143', 'CB0002', NULL, 38),
(271, 0, 'TP044248', 'CB0002', NULL, 38),
(272, 1, 'TP044239', 'CB0002', NULL, 38),
(273, 1, 'TP047546', 'CB0002', NULL, 38),
(274, 1, 'TP044488', 'CB0002', NULL, 38),
(275, 1, 'TP046241', 'CB0002', NULL, 39),
(276, 0, 'TP046735', 'CB0002', NULL, 39),
(277, 0, 'TP044436', 'CB0002', NULL, 39),
(278, 1, 'TP047823', 'CB0002', NULL, 39),
(279, 1, 'TP044369', 'CB0002', NULL, 39),
(280, 1, 'TP046533', 'CB0002', NULL, 39),
(281, 0, 'TP044550', 'CB0002', NULL, 39),
(282, 1, 'TP044143', 'CB0002', NULL, 39),
(283, 1, 'TP044248', 'CB0002', NULL, 39),
(284, 1, 'TP044239', 'CB0002', NULL, 39),
(285, 1, 'TP047546', 'CB0002', NULL, 39),
(286, 0, 'TP044488', 'CB0002', NULL, 39),
(287, 1, 'TP046241', 'CB0002', NULL, 40),
(288, 1, 'TP046735', 'CB0002', NULL, 40),
(289, 1, 'TP044436', 'CB0002', NULL, 40),
(290, 0, 'TP047823', 'CB0002', NULL, 40),
(291, 1, 'TP044369', 'CB0002', NULL, 40),
(292, 1, 'TP046533', 'CB0002', NULL, 40),
(293, 1, 'TP044550', 'CB0002', NULL, 40),
(294, 1, 'TP044143', 'CB0002', NULL, 40),
(295, 1, 'TP044248', 'CB0002', NULL, 40),
(296, 1, 'TP044239', 'CB0002', NULL, 40),
(297, 1, 'TP047546', 'CB0002', NULL, 40),
(298, 0, 'TP044488', 'CB0002', NULL, 40),
(299, 1, 'TP046241', 'CB0002', NULL, 41),
(300, 0, 'TP046735', 'CB0002', NULL, 41),
(301, 1, 'TP044436', 'CB0002', NULL, 41),
(302, 1, 'TP044369', 'CB0002', NULL, 41),
(303, 0, 'TP047823', 'CB0002', NULL, 41),
(304, 1, 'TP046533', 'CB0002', NULL, 41),
(305, 1, 'TP044550', 'CB0002', NULL, 41),
(306, 1, 'TP044143', 'CB0002', NULL, 41),
(307, 1, 'TP044248', 'CB0002', NULL, 41),
(308, 1, 'TP044239', 'CB0002', NULL, 41),
(309, 1, 'TP047546', 'CB0002', NULL, 41),
(310, 1, 'TP044488', 'CB0002', NULL, 41),
(311, 1, 'TP046241', 'CB0002', NULL, 42),
(312, 1, 'TP046735', 'CB0002', NULL, 42),
(313, 1, 'TP044436', 'CB0002', NULL, 42),
(314, 1, 'TP047823', 'CB0002', NULL, 42),
(315, 1, 'TP044369', 'CB0002', NULL, 42),
(316, 1, 'TP046533', 'CB0002', NULL, 42),
(317, 0, 'TP044550', 'CB0002', NULL, 42),
(318, 1, 'TP044143', 'CB0002', NULL, 42),
(319, 1, 'TP044248', 'CB0002', NULL, 42),
(320, 1, 'TP044239', 'CB0002', NULL, 42),
(321, 0, 'TP047546', 'CB0002', NULL, 42),
(322, 1, 'TP044488', 'CB0002', NULL, 42),
(323, 1, 'TP046241', 'CB0002', NULL, 43),
(324, 1, 'TP046735', 'CB0002', NULL, 43),
(325, 1, 'TP044436', 'CB0002', NULL, 43),
(326, 1, 'TP047823', 'CB0002', NULL, 43),
(327, 1, 'TP044369', 'CB0002', NULL, 43),
(328, 1, 'TP046533', 'CB0002', NULL, 43),
(329, 1, 'TP044550', 'CB0002', NULL, 43),
(330, 0, 'TP044143', 'CB0002', NULL, 43),
(331, 1, 'TP044248', 'CB0002', NULL, 43),
(332, 1, 'TP044239', 'CB0002', NULL, 43),
(333, 1, 'TP047546', 'CB0002', NULL, 43),
(334, 1, 'TP044488', 'CB0002', NULL, 43),
(335, 1, 'TP046241', 'CB0002', NULL, 44),
(336, 1, 'TP046735', 'CB0002', NULL, 44),
(337, 1, 'TP044436', 'CB0002', NULL, 44),
(338, 0, 'TP047823', 'CB0002', NULL, 44),
(339, 1, 'TP044369', 'CB0002', NULL, 44),
(340, 0, 'TP046533', 'CB0002', NULL, 44),
(341, 1, 'TP044550', 'CB0002', NULL, 44),
(342, 1, 'TP044143', 'CB0002', NULL, 44),
(343, 1, 'TP044248', 'CB0002', NULL, 44),
(344, 1, 'TP044239', 'CB0002', NULL, 44),
(345, 1, 'TP047546', 'CB0002', NULL, 44),
(346, 1, 'TP044488', 'CB0002', NULL, 44),
(347, 1, 'TP046241', 'CB0002', NULL, 45),
(348, 1, 'TP046735', 'CB0002', NULL, 45),
(349, 1, 'TP044436', 'CB0002', NULL, 45),
(350, 1, 'TP047823', 'CB0002', NULL, 45),
(351, 0, 'TP044369', 'CB0002', NULL, 45),
(352, 1, 'TP046533', 'CB0002', NULL, 45),
(353, 0, 'TP044550', 'CB0002', NULL, 45),
(354, 1, 'TP044143', 'CB0002', NULL, 45),
(355, 1, 'TP044248', 'CB0002', NULL, 45),
(356, 0, 'TP044239', 'CB0002', NULL, 45),
(357, 1, 'TP047546', 'CB0002', NULL, 45),
(358, 0, 'TP044488', 'CB0002', NULL, 45),
(359, 1, 'TP046241', 'CB0002', NULL, 46),
(360, 1, 'TP046735', 'CB0002', NULL, 46),
(361, 0, 'TP044436', 'CB0002', NULL, 46),
(362, 1, 'TP047823', 'CB0002', NULL, 46),
(363, 1, 'TP044369', 'CB0002', NULL, 46),
(364, 1, 'TP046533', 'CB0002', NULL, 46),
(365, 0, 'TP044550', 'CB0002', NULL, 46),
(366, 1, 'TP044143', 'CB0002', NULL, 46),
(367, 1, 'TP044248', 'CB0002', NULL, 46),
(368, 0, 'TP044239', 'CB0002', NULL, 46),
(369, 1, 'TP047546', 'CB0002', NULL, 46),
(370, 0, 'TP044488', 'CB0002', NULL, 46),
(371, 1, 'TP046241', 'CB0002', NULL, 47),
(372, 1, 'TP046735', 'CB0002', NULL, 47),
(373, 0, 'TP044436', 'CB0002', NULL, 47),
(374, 1, 'TP047823', 'CB0002', NULL, 47),
(375, 1, 'TP044369', 'CB0002', NULL, 47),
(376, 1, 'TP046533', 'CB0002', NULL, 47),
(377, 0, 'TP044550', 'CB0002', NULL, 47),
(378, 1, 'TP044143', 'CB0002', NULL, 47),
(379, 1, 'TP044248', 'CB0002', NULL, 47),
(380, 1, 'TP044239', 'CB0002', NULL, 47),
(381, 0, 'TP047546', 'CB0002', NULL, 47),
(382, 1, 'TP044488', 'CB0002', NULL, 47),
(383, 0, 'TP046241', 'CB0002', NULL, 48),
(384, 1, 'TP046735', 'CB0002', NULL, 48),
(385, 1, 'TP044436', 'CB0002', NULL, 48),
(386, 0, 'TP047823', 'CB0002', NULL, 48),
(387, 1, 'TP044369', 'CB0002', NULL, 48),
(388, 1, 'TP046533', 'CB0002', NULL, 48),
(389, 1, 'TP044550', 'CB0002', NULL, 48),
(390, 1, 'TP044143', 'CB0002', NULL, 48),
(391, 0, 'TP044248', 'CB0002', NULL, 48),
(392, 1, 'TP044239', 'CB0002', NULL, 48),
(393, 1, 'TP047546', 'CB0002', NULL, 48),
(394, 1, 'TP044488', 'CB0002', NULL, 48),
(395, 1, 'TP046241', 'CB0002', NULL, 49),
(396, 1, 'TP046735', 'CB0002', NULL, 49),
(397, 1, 'TP044436', 'CB0002', NULL, 49),
(398, 0, 'TP047823', 'CB0002', NULL, 49),
(399, 1, 'TP044369', 'CB0002', NULL, 49),
(400, 1, 'TP046533', 'CB0002', NULL, 49),
(401, 1, 'TP044550', 'CB0002', NULL, 49),
(402, 1, 'TP044143', 'CB0002', NULL, 49),
(403, 1, 'TP044248', 'CB0002', NULL, 49),
(404, 0, 'TP044239', 'CB0002', NULL, 49),
(405, 1, 'TP047546', 'CB0002', NULL, 49),
(406, 1, 'TP044488', 'CB0002', NULL, 49),
(407, 1, 'TP046241', 'CB0002', NULL, 50),
(408, 1, 'TP046735', 'CB0002', NULL, 50),
(409, 0, 'TP044436', 'CB0002', NULL, 50),
(410, 1, 'TP047823', 'CB0002', NULL, 50),
(411, 1, 'TP044369', 'CB0002', NULL, 50),
(412, 1, 'TP046533', 'CB0002', NULL, 50),
(413, 1, 'TP044550', 'CB0002', NULL, 50),
(414, 1, 'TP044143', 'CB0002', NULL, 50),
(415, 0, 'TP044248', 'CB0002', NULL, 50),
(416, 1, 'TP044239', 'CB0002', NULL, 50),
(417, 0, 'TP047546', 'CB0002', NULL, 50),
(418, 0, 'TP044488', 'CB0002', NULL, 50),
(419, 1, 'TP046241', 'CB0002', NULL, 51),
(420, 1, 'TP046735', 'CB0002', NULL, 51),
(421, 0, 'TP044436', 'CB0002', NULL, 51),
(422, 1, 'TP047823', 'CB0002', NULL, 51),
(423, 1, 'TP044369', 'CB0002', NULL, 51),
(424, 1, 'TP046533', 'CB0002', NULL, 51),
(425, 1, 'TP044550', 'CB0002', NULL, 51),
(426, 1, 'TP044143', 'CB0002', NULL, 51),
(427, 1, 'TP044248', 'CB0002', NULL, 51),
(428, 1, 'TP044239', 'CB0002', NULL, 51),
(429, 1, 'TP047546', 'CB0002', NULL, 51),
(430, 1, 'TP044488', 'CB0002', NULL, 51),
(431, 1, 'TP046241', 'CB0002', NULL, 52),
(432, 1, 'TP046735', 'CB0002', NULL, 52),
(433, 1, 'TP044436', 'CB0002', NULL, 52),
(434, 1, 'TP047823', 'CB0002', NULL, 52),
(435, 1, 'TP044369', 'CB0002', NULL, 52),
(436, 1, 'TP046533', 'CB0002', NULL, 52),
(437, 1, 'TP044550', 'CB0002', NULL, 52),
(438, 1, 'TP044143', 'CB0002', NULL, 52),
(439, 1, 'TP044248', 'CB0002', NULL, 52),
(440, 1, 'TP044239', 'CB0002', NULL, 52),
(441, 1, 'TP047546', 'CB0002', NULL, 52),
(442, 1, 'TP044488', 'CB0002', NULL, 52),
(443, 1, 'TP045928', 'CB0008', NULL, 53),
(444, 1, 'TP046395', 'CB0008', NULL, 53),
(445, 1, 'TP046981', 'CB0008', NULL, 53),
(446, 1, 'TP046735', 'CB0008', NULL, 53),
(447, 1, 'TP046275', 'CB0008', NULL, 53),
(448, 0, 'TP047051', 'CB0008', NULL, 53),
(449, 0, 'TP047167', 'CB0008', NULL, 53),
(450, 1, 'TP047592', 'CB0008', NULL, 53),
(451, 0, 'TP045691', 'CB0008', NULL, 53),
(452, 1, 'TP047401', 'CB0008', NULL, 53),
(453, 1, 'TP046981', 'CB0006', NULL, 54),
(454, 1, 'TP047810', 'CB0006', NULL, 54),
(455, 0, 'TP044832', 'CB0006', NULL, 54),
(456, 1, 'TP046984', 'CB0006', NULL, 54),
(457, 1, 'TP045928', 'CB0008', NULL, 55),
(458, 0, 'TP046395', 'CB0008', NULL, 55),
(459, 1, 'TP046981', 'CB0008', NULL, 55),
(460, 1, 'TP046735', 'CB0008', NULL, 55),
(461, 1, 'TP046275', 'CB0008', NULL, 55),
(462, 1, 'TP047051', 'CB0008', NULL, 55),
(463, 1, 'TP047167', 'CB0008', NULL, 55),
(464, 0, 'TP047592', 'CB0008', NULL, 55),
(465, 1, 'TP045691', 'CB0008', NULL, 55),
(466, 1, 'TP047401', 'CB0008', NULL, 55),
(467, 1, 'TP046981', 'CB0006', NULL, 56),
(468, 1, 'TP047810', 'CB0006', NULL, 56),
(469, 0, 'TP044832', 'CB0006', NULL, 56),
(470, 1, 'TP046984', 'CB0006', NULL, 56),
(471, 1, 'TP046981', 'CB0006', NULL, 57),
(472, 1, 'TP047810', 'CB0006', NULL, 57),
(473, 0, 'TP044832', 'CB0006', NULL, 57),
(474, 1, 'TP046984', 'CB0006', NULL, 57),
(475, 1, 'TP045928', 'CB0008', NULL, 58),
(476, 1, 'TP046395', 'CB0008', NULL, 58),
(477, 1, 'TP046981', 'CB0008', NULL, 58),
(478, 1, 'TP046735', 'CB0008', NULL, 58),
(479, 0, 'TP046275', 'CB0008', NULL, 58),
(480, 1, 'TP047051', 'CB0008', NULL, 58),
(481, 1, 'TP047167', 'CB0008', NULL, 58),
(482, 1, 'TP047592', 'CB0008', NULL, 58),
(483, 1, 'TP045691', 'CB0008', NULL, 58),
(484, 1, 'TP047401', 'CB0008', NULL, 58),
(490, 1, 'TP047308', 'CB0011', NULL, 60),
(491, 1, 'TP047949', 'CB0011', NULL, 60),
(492, 0, 'TP047810', 'CB0011', NULL, 60),
(493, 1, 'TP047951', 'CB0011', NULL, 60),
(494, 1, 'TP047167', 'CB0011', NULL, 60),
(495, 1, 'TP047725', 'CB0011', NULL, 60),
(496, 0, 'TP044832', 'CB0011', NULL, 60),
(497, 1, 'TP047592', 'CB0011', NULL, 60),
(498, 0, 'TP047050', 'CB0011', NULL, 60),
(499, 1, 'TP044855', 'CB0011', NULL, 60),
(500, 1, 'TP047308', 'CB0011', NULL, 61),
(501, 1, 'TP047949', 'CB0011', NULL, 61),
(502, 0, 'TP047951', 'CB0011', NULL, 61),
(503, 1, 'TP047810', 'CB0011', NULL, 61),
(504, 1, 'TP047167', 'CB0011', NULL, 61),
(505, 1, 'TP044832', 'CB0011', NULL, 61),
(506, 1, 'TP047725', 'CB0011', NULL, 61),
(507, 0, 'TP047592', 'CB0011', NULL, 61),
(508, 1, 'TP047050', 'CB0011', NULL, 61),
(509, 1, 'TP044855', 'CB0011', NULL, 61),
(510, 1, 'TP047308', 'CB0011', NULL, 62),
(511, 1, 'TP047949', 'CB0011', NULL, 62),
(512, 0, 'TP047810', 'CB0011', NULL, 62),
(513, 1, 'TP047951', 'CB0011', NULL, 62),
(514, 1, 'TP047167', 'CB0011', NULL, 62),
(515, 0, 'TP044832', 'CB0011', NULL, 62),
(516, 0, 'TP047725', 'CB0011', NULL, 62),
(517, 0, 'TP047592', 'CB0011', NULL, 62),
(518, 1, 'TP047050', 'CB0011', NULL, 62),
(519, 1, 'TP044855', 'CB0011', NULL, 62),
(520, 1, 'TP045793', 'CB0010', NULL, 63),
(521, 1, 'TP047592', 'CB0010', NULL, 63),
(522, 0, 'TP045852', 'CB0010', NULL, 63),
(523, 1, 'TP046984', 'CB0010', NULL, 63),
(524, 1, 'TP045793', 'CB0010', NULL, 64),
(525, 0, 'TP047592', 'CB0010', NULL, 64),
(526, 0, 'TP045852', 'CB0010', NULL, 64),
(527, 0, 'TP046984', 'CB0010', NULL, 64),
(528, 1, 'TP045793', 'CB0010', NULL, 65),
(529, 1, 'TP047592', 'CB0010', NULL, 65),
(530, 1, 'TP045852', 'CB0010', NULL, 65),
(531, 0, 'TP046984', 'CB0010', NULL, 65),
(532, 0, 'TP046981', 'CB0009', NULL, 66),
(533, 1, 'TP047486', 'CB0009', NULL, 66),
(534, 1, 'TP047788', 'CB0009', NULL, 66),
(535, 1, 'TP044832', 'CB0009', NULL, 66),
(536, 1, 'TP046981', 'CB0009', NULL, 67),
(537, 1, 'TP047486', 'CB0009', NULL, 67),
(538, 1, 'TP047788', 'CB0009', NULL, 67),
(539, 0, 'TP044832', 'CB0009', NULL, 67),
(540, 0, 'TP046981', 'CB0009', NULL, 68),
(541, 1, 'TP047486', 'CB0009', NULL, 68),
(542, 1, 'TP047788', 'CB0009', NULL, 68),
(543, 0, 'TP044832', 'CB0009', NULL, 68),
(544, 1, 'TP046395', 'CB0007', NULL, 69),
(545, 1, 'TP044436', 'CB0007', NULL, 69),
(546, 0, 'TP047486', 'CB0007', NULL, 69),
(547, 1, 'TP044369', 'CB0007', NULL, 69),
(548, 1, 'TP046275', 'CB0007', NULL, 69),
(549, 1, 'TP044143', 'CB0007', NULL, 69),
(550, 0, 'TP047592', 'CB0007', NULL, 69),
(551, 1, 'TP044248', 'CB0007', NULL, 69),
(552, 1, 'TP045852', 'CB0007', NULL, 69),
(553, 1, 'TP046395', 'CB0007', NULL, 70),
(554, 1, 'TP044436', 'CB0007', NULL, 70),
(555, 0, 'TP047486', 'CB0007', NULL, 70),
(556, 1, 'TP044369', 'CB0007', NULL, 70),
(557, 1, 'TP046275', 'CB0007', NULL, 70),
(558, 0, 'TP044143', 'CB0007', NULL, 70),
(559, 0, 'TP047592', 'CB0007', NULL, 70),
(560, 1, 'TP044248', 'CB0007', NULL, 70),
(561, 1, 'TP045852', 'CB0007', NULL, 70),
(562, 1, 'TP046395', 'CB0007', NULL, 71),
(563, 0, 'TP044436', 'CB0007', NULL, 71),
(564, 1, 'TP047486', 'CB0007', NULL, 71),
(565, 1, 'TP044369', 'CB0007', NULL, 71),
(566, 1, 'TP046275', 'CB0007', NULL, 71),
(567, 1, 'TP047592', 'CB0007', NULL, 71),
(568, 0, 'TP044143', 'CB0007', NULL, 71),
(569, 1, 'TP045852', 'CB0007', NULL, 71),
(570, 1, 'TP044248', 'CB0007', NULL, 71),
(571, 1, 'TP046400', 'CB0005', NULL, 72),
(572, 1, 'TP047823', 'CB0005', NULL, 72),
(573, 1, 'TP046275', 'CB0005', NULL, 72),
(574, 1, 'TP046400', 'CB0005', NULL, 73),
(575, 0, 'TP047823', 'CB0005', NULL, 73),
(576, 1, 'TP046275', 'CB0005', NULL, 73),
(577, 1, 'TP046400', 'CB0005', NULL, 74),
(578, 0, 'TP047823', 'CB0005', NULL, 74),
(579, 1, 'TP046275', 'CB0005', NULL, 74),
(580, 1, 'TP047823', 'CB0004', NULL, 75),
(581, 1, 'TP047633', 'CB0004', NULL, 75),
(582, 1, 'TP045793', 'CB0004', NULL, 75),
(583, 0, 'TP047167', 'CB0004', NULL, 75),
(584, 1, 'TP046275', 'CB0004', NULL, 75),
(585, 1, 'TP047951', 'CB0004', NULL, 75),
(586, 1, 'TP047592', 'CB0004', NULL, 75),
(587, 1, 'TP046474', 'CB0004', NULL, 75),
(588, 0, 'TP045691', 'CB0004', NULL, 75),
(589, 1, 'TP044855', 'CB0004', NULL, 75),
(590, 1, 'TP047823', 'CB0004', NULL, 76),
(591, 1, 'TP047633', 'CB0004', NULL, 76),
(592, 1, 'TP045793', 'CB0004', NULL, 76),
(593, 1, 'TP046275', 'CB0004', NULL, 76),
(594, 1, 'TP047167', 'CB0004', NULL, 76),
(595, 0, 'TP047951', 'CB0004', NULL, 76),
(596, 0, 'TP047592', 'CB0004', NULL, 76),
(597, 1, 'TP046474', 'CB0004', NULL, 76),
(598, 1, 'TP045691', 'CB0004', NULL, 76),
(599, 1, 'TP044855', 'CB0004', NULL, 76),
(600, 1, 'TP047823', 'CB0004', NULL, 77),
(601, 0, 'TP047633', 'CB0004', NULL, 77),
(602, 1, 'TP045793', 'CB0004', NULL, 77),
(603, 1, 'TP046275', 'CB0004', NULL, 77),
(604, 1, 'TP047167', 'CB0004', NULL, 77),
(605, 0, 'TP047951', 'CB0004', NULL, 77),
(606, 1, 'TP047592', 'CB0004', NULL, 77),
(607, 1, 'TP046474', 'CB0004', NULL, 77),
(608, 0, 'TP045691', 'CB0004', NULL, 77),
(609, 1, 'TP044855', 'CB0004', NULL, 77),
(610, 1, 'TP046395', 'CB0003', NULL, 78),
(611, 0, 'TP047788', 'CB0003', NULL, 78),
(612, 1, 'TP047167', 'CB0003', NULL, 78),
(613, 1, 'TP044143', 'CB0003', NULL, 78),
(614, 0, 'TP047546', 'CB0003', NULL, 78),
(615, 0, 'TP046395', 'CB0003', NULL, 79),
(616, 1, 'TP047788', 'CB0003', NULL, 79),
(617, 1, 'TP047167', 'CB0003', NULL, 79),
(618, 1, 'TP044143', 'CB0003', NULL, 79),
(619, 1, 'TP047546', 'CB0003', NULL, 79),
(620, 0, 'TP046395', 'CB0003', NULL, 80),
(621, 1, 'TP047788', 'CB0003', NULL, 80),
(622, 0, 'TP047167', 'CB0003', NULL, 80),
(623, 1, 'TP044143', 'CB0003', NULL, 80),
(624, 1, 'TP047546', 'CB0003', NULL, 80),
(625, 1, 'TP047308', 'CB0000', NULL, 81),
(626, 1, 'TP044436', 'CB0000', NULL, 81),
(627, 0, 'TP047949', 'CB0000', NULL, 81),
(628, 1, 'TP047633', 'CB0000', NULL, 81),
(629, 1, 'TP044239', 'CB0000', NULL, 81),
(630, 1, 'TP047308', 'CB0000', NULL, 82),
(631, 0, 'TP044436', 'CB0000', NULL, 82),
(632, 0, 'TP047949', 'CB0000', NULL, 82),
(633, 1, 'TP047633', 'CB0000', NULL, 82),
(634, 1, 'TP044239', 'CB0000', NULL, 82),
(635, 1, 'TP047308', 'CB0000', NULL, 83),
(636, 1, 'TP044436', 'CB0000', NULL, 83),
(637, 0, 'TP047949', 'CB0000', NULL, 83),
(638, 1, 'TP047633', 'CB0000', NULL, 83),
(639, 1, 'TP044239', 'CB0000', NULL, 83),
(640, 1, 'TP046241', 'CB0001', NULL, 84),
(641, 1, 'TP044369', 'CB0001', NULL, 84),
(642, 0, 'TP047051', 'CB0001', NULL, 84),
(643, 1, 'TP047725', 'CB0001', NULL, 84),
(644, 1, 'TP044143', 'CB0001', NULL, 84),
(645, 0, 'TP044248', 'CB0001', NULL, 84),
(646, 1, 'TP047772', 'CB0001', NULL, 84),
(647, 1, 'TP046984', 'CB0001', NULL, 84),
(648, 1, 'TP044239', 'CB0001', NULL, 84),
(649, 1, 'TP044369', 'CB0001', NULL, 85),
(650, 0, 'TP046241', 'CB0001', NULL, 85),
(651, 1, 'TP047051', 'CB0001', NULL, 85),
(652, 1, 'TP047725', 'CB0001', NULL, 85),
(653, 1, 'TP044143', 'CB0001', NULL, 85),
(654, 1, 'TP044248', 'CB0001', NULL, 85),
(655, 1, 'TP047772', 'CB0001', NULL, 85),
(656, 1, 'TP046984', 'CB0001', NULL, 85),
(657, 0, 'TP044239', 'CB0001', NULL, 85),
(658, 1, 'TP046241', 'CB0001', NULL, 86),
(659, 0, 'TP044369', 'CB0001', NULL, 86),
(660, 1, 'TP047051', 'CB0001', NULL, 86),
(661, 1, 'TP047725', 'CB0001', NULL, 86),
(662, 0, 'TP044143', 'CB0001', NULL, 86),
(663, 1, 'TP044248', 'CB0001', NULL, 86),
(664, 0, 'TP047772', 'CB0001', NULL, 86),
(665, 0, 'TP046984', 'CB0001', NULL, 86),
(666, 1, 'TP044239', 'CB0001', NULL, 86),
(667, 1, 'TP046241', 'CB0001', NULL, 87),
(668, 0, 'TP044369', 'CB0001', NULL, 87),
(669, 1, 'TP047051', 'CB0001', NULL, 87),
(670, 0, 'TP047725', 'CB0001', NULL, 87),
(671, 1, 'TP044143', 'CB0001', NULL, 87),
(672, 1, 'TP044248', 'CB0001', NULL, 87),
(673, 1, 'TP047772', 'CB0001', NULL, 87),
(674, 1, 'TP046984', 'CB0001', NULL, 87),
(675, 1, 'TP044239', 'CB0001', NULL, 87),
(676, 1, 'TP046241', 'CB0001', NULL, 88),
(677, 1, 'TP044369', 'CB0001', NULL, 88),
(678, 1, 'TP047051', 'CB0001', NULL, 88),
(679, 1, 'TP047725', 'CB0001', NULL, 88),
(680, 1, 'TP044143', 'CB0001', NULL, 88),
(681, 1, 'TP044248', 'CB0001', NULL, 88),
(682, 1, 'TP047772', 'CB0001', NULL, 88),
(683, 1, 'TP046984', 'CB0001', NULL, 88),
(684, 1, 'TP044239', 'CB0001', NULL, 88),
(685, 1, 'TP046241', 'CB0001', NULL, 89),
(686, 0, 'TP044369', 'CB0001', NULL, 89),
(687, 1, 'TP047051', 'CB0001', NULL, 89),
(688, 1, 'TP047725', 'CB0001', NULL, 89),
(689, 1, 'TP044143', 'CB0001', NULL, 89),
(690, 1, 'TP044248', 'CB0001', NULL, 89),
(691, 1, 'TP047772', 'CB0001', NULL, 89),
(692, 1, 'TP046984', 'CB0001', NULL, 89),
(693, 1, 'TP044239', 'CB0001', NULL, 89),
(694, 1, 'TP046241', 'CB0001', NULL, 90),
(695, 1, 'TP044369', 'CB0001', NULL, 90),
(696, 1, 'TP047051', 'CB0001', NULL, 90),
(697, 1, 'TP047725', 'CB0001', NULL, 90),
(698, 0, 'TP044143', 'CB0001', NULL, 90),
(699, 1, 'TP044248', 'CB0001', NULL, 90),
(700, 1, 'TP047772', 'CB0001', NULL, 90),
(701, 1, 'TP046984', 'CB0001', NULL, 90),
(702, 0, 'TP044239', 'CB0001', NULL, 90),
(703, 0, 'TP046241', 'CB0001', NULL, 91),
(704, 1, 'TP044369', 'CB0001', NULL, 91),
(705, 1, 'TP047051', 'CB0001', NULL, 91),
(706, 0, 'TP047725', 'CB0001', NULL, 91),
(707, 1, 'TP044248', 'CB0001', NULL, 91),
(708, 1, 'TP044143', 'CB0001', NULL, 91),
(709, 0, 'TP047772', 'CB0001', NULL, 91),
(710, 1, 'TP046984', 'CB0001', NULL, 91),
(711, 1, 'TP044239', 'CB0001', NULL, 91),
(712, 1, 'TP046241', 'CB0001', NULL, 92),
(713, 1, 'TP044369', 'CB0001', NULL, 92),
(714, 0, 'TP047051', 'CB0001', NULL, 92),
(715, 1, 'TP047725', 'CB0001', NULL, 92),
(716, 1, 'TP044143', 'CB0001', NULL, 92),
(717, 1, 'TP044248', 'CB0001', NULL, 92),
(718, 0, 'TP047772', 'CB0001', NULL, 92),
(719, 1, 'TP046984', 'CB0001', NULL, 92),
(720, 1, 'TP044239', 'CB0001', NULL, 92),
(721, 1, 'TP046241', 'CB0001', NULL, 93),
(722, 0, 'TP044369', 'CB0001', NULL, 93),
(723, 1, 'TP047051', 'CB0001', NULL, 93),
(724, 1, 'TP047725', 'CB0001', NULL, 93),
(725, 1, 'TP044143', 'CB0001', NULL, 93),
(726, 0, 'TP044248', 'CB0001', NULL, 93),
(727, 1, 'TP047772', 'CB0001', NULL, 93),
(728, 1, 'TP046984', 'CB0001', NULL, 93),
(729, 1, 'TP044239', 'CB0001', NULL, 93),
(730, 1, 'TP046241', 'CB0001', NULL, 94),
(731, 1, 'TP044369', 'CB0001', NULL, 94),
(732, 1, 'TP047051', 'CB0001', NULL, 94),
(733, 1, 'TP047725', 'CB0001', NULL, 94),
(734, 0, 'TP044143', 'CB0001', NULL, 94),
(735, 1, 'TP044248', 'CB0001', NULL, 94),
(736, 1, 'TP047772', 'CB0001', NULL, 94),
(737, 1, 'TP046984', 'CB0001', NULL, 94),
(738, 1, 'TP044239', 'CB0001', NULL, 94),
(739, 1, 'TP046241', 'CB0001', NULL, 95),
(740, 1, 'TP044369', 'CB0001', NULL, 95),
(741, 0, 'TP047051', 'CB0001', NULL, 95),
(742, 1, 'TP047725', 'CB0001', NULL, 95),
(743, 1, 'TP044143', 'CB0001', NULL, 95),
(744, 1, 'TP044248', 'CB0001', NULL, 95),
(745, 1, 'TP047772', 'CB0001', NULL, 95),
(746, 0, 'TP046984', 'CB0001', NULL, 95),
(747, 1, 'TP044239', 'CB0001', NULL, 95),
(748, 1, 'TP046241', 'CB0001', NULL, 96),
(749, 1, 'TP044369', 'CB0001', NULL, 96),
(750, 0, 'TP047051', 'CB0001', NULL, 96),
(751, 1, 'TP047725', 'CB0001', NULL, 96),
(752, 1, 'TP044143', 'CB0001', NULL, 96),
(753, 0, 'TP044248', 'CB0001', NULL, 96),
(754, 1, 'TP047772', 'CB0001', NULL, 96),
(755, 1, 'TP046984', 'CB0001', NULL, 96),
(756, 1, 'TP044239', 'CB0001', NULL, 96),
(757, 1, 'TP046241', 'CB0001', NULL, 97),
(758, 1, 'TP044369', 'CB0001', NULL, 97),
(759, 1, 'TP047051', 'CB0001', NULL, 97),
(760, 1, 'TP047725', 'CB0001', NULL, 97),
(761, 1, 'TP044143', 'CB0001', NULL, 97),
(762, 1, 'TP044248', 'CB0001', NULL, 97),
(763, 1, 'TP047772', 'CB0001', NULL, 97),
(764, 1, 'TP046984', 'CB0001', NULL, 97),
(765, 1, 'TP044239', 'CB0001', NULL, 97),
(766, 1, 'TP046241', 'CB0001', NULL, 98),
(767, 1, 'TP044369', 'CB0001', NULL, 98),
(768, 1, 'TP047725', 'CB0001', NULL, 98),
(769, 1, 'TP047051', 'CB0001', NULL, 98),
(770, 0, 'TP044143', 'CB0001', NULL, 98),
(771, 1, 'TP044248', 'CB0001', NULL, 98),
(772, 1, 'TP047772', 'CB0001', NULL, 98),
(773, 1, 'TP046984', 'CB0001', NULL, 98),
(774, 1, 'TP044239', 'CB0001', NULL, 98),
(775, 1, 'TP046241', 'CB0001', NULL, 99),
(776, 0, 'TP044369', 'CB0001', NULL, 99),
(777, 1, 'TP047051', 'CB0001', NULL, 99),
(778, 1, 'TP047725', 'CB0001', NULL, 99),
(779, 1, 'TP044143', 'CB0001', NULL, 99),
(780, 1, 'TP047772', 'CB0001', NULL, 99),
(781, 0, 'TP044248', 'CB0001', NULL, 99),
(782, 1, 'TP046984', 'CB0001', NULL, 99),
(783, 1, 'TP044239', 'CB0001', NULL, 99),
(784, 1, 'TP046241', 'CB0001', NULL, 100),
(785, 1, 'TP044369', 'CB0001', NULL, 100),
(786, 1, 'TP047051', 'CB0001', NULL, 100),
(787, 0, 'TP047725', 'CB0001', NULL, 100),
(788, 1, 'TP044143', 'CB0001', NULL, 100),
(789, 1, 'TP044248', 'CB0001', NULL, 100),
(790, 1, 'TP047772', 'CB0001', NULL, 100),
(791, 1, 'TP046984', 'CB0001', NULL, 100),
(792, 1, 'TP044239', 'CB0001', NULL, 100),
(793, 0, 'TP046241', 'CB0001', NULL, 101),
(794, 1, 'TP044369', 'CB0001', NULL, 101),
(795, 1, 'TP047051', 'CB0001', NULL, 101),
(796, 1, 'TP047725', 'CB0001', NULL, 101),
(797, 1, 'TP044143', 'CB0001', NULL, 101),
(798, 1, 'TP044248', 'CB0001', NULL, 101),
(799, 0, 'TP047772', 'CB0001', NULL, 101),
(800, 1, 'TP046984', 'CB0001', NULL, 101),
(801, 1, 'TP044239', 'CB0001', NULL, 101),
(802, 1, 'TP046241', 'CB0001', NULL, 102),
(803, 1, 'TP044369', 'CB0001', NULL, 102),
(804, 0, 'TP047051', 'CB0001', NULL, 102),
(805, 1, 'TP047725', 'CB0001', NULL, 102),
(806, 1, 'TP044143', 'CB0001', NULL, 102),
(807, 1, 'TP044248', 'CB0001', NULL, 102),
(808, 0, 'TP047772', 'CB0001', NULL, 102),
(809, 1, 'TP046984', 'CB0001', NULL, 102),
(810, 1, 'TP044239', 'CB0001', NULL, 102),
(811, 1, 'TP046241', 'CB0001', NULL, 103),
(812, 1, 'TP044369', 'CB0001', NULL, 103),
(813, 1, 'TP047051', 'CB0001', NULL, 103),
(814, 0, 'TP047725', 'CB0001', NULL, 103),
(815, 1, 'TP044143', 'CB0001', NULL, 103),
(816, 1, 'TP044248', 'CB0001', NULL, 103),
(817, 1, 'TP047772', 'CB0001', NULL, 103),
(818, 1, 'TP046984', 'CB0001', NULL, 103),
(819, 0, 'TP044239', 'CB0001', NULL, 103),
(820, 1, 'TP046241', 'CB0001', NULL, 104),
(821, 1, 'TP044369', 'CB0001', NULL, 104),
(822, 1, 'TP047051', 'CB0001', NULL, 104),
(823, 1, 'TP047725', 'CB0001', NULL, 104),
(824, 0, 'TP044143', 'CB0001', NULL, 104),
(825, 1, 'TP044248', 'CB0001', NULL, 104),
(826, 1, 'TP047772', 'CB0001', NULL, 104),
(827, 1, 'TP046984', 'CB0001', NULL, 104),
(828, 1, 'TP044239', 'CB0001', NULL, 104),
(829, 1, 'TP046241', 'CB0001', NULL, 105),
(830, 1, 'TP044369', 'CB0001', NULL, 105),
(831, 1, 'TP047051', 'CB0001', NULL, 105),
(832, 1, 'TP044143', 'CB0001', NULL, 105),
(833, 0, 'TP047725', 'CB0001', NULL, 105),
(834, 1, 'TP044248', 'CB0001', NULL, 105),
(835, 0, 'TP047772', 'CB0001', NULL, 105),
(836, 1, 'TP046984', 'CB0001', NULL, 105),
(837, 1, 'TP044239', 'CB0001', NULL, 105),
(838, 1, 'TP046241', 'CB0001', NULL, 106),
(839, 1, 'TP044369', 'CB0001', NULL, 106),
(840, 1, 'TP047051', 'CB0001', NULL, 106),
(841, 0, 'TP047725', 'CB0001', NULL, 106),
(842, 1, 'TP044143', 'CB0001', NULL, 106),
(843, 1, 'TP044248', 'CB0001', NULL, 106),
(844, 1, 'TP047772', 'CB0001', NULL, 106),
(845, 1, 'TP046984', 'CB0001', NULL, 106),
(846, 0, 'TP044239', 'CB0001', NULL, 106);

-- --------------------------------------------------------

--
-- Table structure for table `clubs`
--

DROP TABLE IF EXISTS `clubs`;
CREATE TABLE IF NOT EXISTS `clubs` (
  `Club_ID` char(6) NOT NULL,
  `Club_Name` varchar(50) NOT NULL,
  `Club_Day` varchar(49) NOT NULL,
  `Club_StartTime` time NOT NULL,
  `Club_EndTime` time NOT NULL,
  `Club_Location` varchar(40) NOT NULL,
  `Club_Type` char(9) NOT NULL,
  `Club_Logo` char(11) NOT NULL,
  PRIMARY KEY (`Club_ID`)
) ENGINE=InnoDB DEFAULT CHARSET=latin1;

--
-- Dumping data for table `clubs`
--

INSERT INTO `clubs` (`Club_ID`, `Club_Name`, `Club_Day`, `Club_StartTime`, `Club_EndTime`, `Club_Location`, `Club_Type`, `Club_Logo`) VALUES
('CB0000', 'Taekwondo Club', 'Tuesdays, Thursdays', '18:30:00', '20:30:00', 'Atrium, APU Campus', 'Sports', 'CB0000.png'),
('CB0001', 'Badminton Club', 'Tuesdays, Thursdays', '18:30:00', '21:00:00', 'Pioneer Badminton Center, Endah Parade', 'Sports', 'CB0001.png'),
('CB0002', 'Basketball Club', 'Tuesdays, Thursdays', '18:00:00', '21:00:00', 'Court A, APU Campus', 'Sports', 'CB0002.png'),
('CB0003', 'Chess Club', 'Tuesdays, Thursdays', '18:00:00', '20:00:00', 'Syndicate Room, Level 2, APIIT Campus', 'Sports', 'CB0003.png'),
('CB0004', 'Debate Club', 'Wednesdays, Thursdays', '18:00:00', '21:30:00', 'L3-2, APIIT Campus', 'Society', 'CB0004.png'),
('CB0005', 'Rotaract Club', 'Thursdays', '18:15:00', '20:00:00', 'APU Campus', 'Society', 'CB0005.png'),
('CB0006', 'Toastmasters Club', 'Thursdays', '18:30:00', '21:30:00', 'APU Campus', 'Society', 'CB0006.png'),
('CB0007', 'Christian Fellowship', 'Fridays', '12:45:00', '14:30:00', 'B-04-04, APU Campus', 'Society', 'CB0007.png'),
('CB0008', 'Indonesian Community', 'Not Fixed', '18:30:00', '20:30:00', 'APU Campus', 'Community', 'CB0008.png'),
('CB0009', 'Pakistani Community', 'Not Fixed', '18:00:00', '20:00:00', 'APU Campus', 'Community', 'CB0009.png'),
('CB0010', 'Uzbek Community', 'Not Fixed', '19:00:00', '21:00:00', 'APU Campus', 'Community', 'CB0010.png'),
('CB0011', 'Kazakh Community', 'Not Fixed', '18:15:00', '20:00:00', 'APU Campus', 'Community', 'CB0011.png');

-- --------------------------------------------------------

--
-- Table structure for table `events`
--

DROP TABLE IF EXISTS `events`;
CREATE TABLE IF NOT EXISTS `events` (
  `Event_ID` char(10) NOT NULL,
  `Event_Name` varchar(50) NOT NULL,
  `Event_Description` text,
  `Event_StartDateTime` datetime NOT NULL,
  `Event_EndDateTime` datetime NOT NULL,
  `Event_Location` text NOT NULL,
  `Event_Approval` char(9) NOT NULL,
  `Event_Logo` char(15) NOT NULL,
  `Club_ID` char(6) NOT NULL,
  `Old_ID` char(10) DEFAULT NULL,
  PRIMARY KEY (`Event_ID`),
  KEY `events_ibfk_1` (`Club_ID`),
  KEY `Old_ID` (`Old_ID`)
) ENGINE=InnoDB DEFAULT CHARSET=latin1;

--
-- Dumping data for table `events`
--

INSERT INTO `events` (`Event_ID`, `Event_Name`, `Event_Description`, `Event_StartDateTime`, `Event_EndDateTime`, `Event_Location`, `Event_Approval`, `Event_Logo`, `Club_ID`, `Old_ID`) VALUES
('EV00000000', '3 VS 3 Basketball Competition', 'Hey guys, we will be having a 3 vs 3 basketball competition. The objective of this tournament is to fund raise for the charity, so that the orphanage can have a better lifestyle. Register fees will be announced as soon as possible. You can register first if you are interested. After the dates and register fees are announced , you may withdraw from the competition if you are not suitable with the dates and price. On the other hand, if you agree with the dates and price, you can officially register your team to compete in the competition. Cash Prize and Certificates will be given. To register, we need the team leader and the members NAME, TP NUMBER, IC NUMBER as well as TEAM NAME.\n\nIf interested, please contact\nJozhua Ten 010-22333222', '2019-02-28 10:00:00', '2019-02-28 18:00:00', 'APU Basketball Court', 'Approved', 'EV00000000.png', 'CB0002', NULL),
('EV00000001', 'Basketball Fund Raising', 'Vestibulum ante ipsum primis in faucibus orci luctus et ultrices posuere cubilia Curae; Sed vitae odio sagittis, euismod odio at, scelerisque erat. Nullam non tortor aliquam, rhoncus tortor quis, hendrerit nunc. Nulla id nisl massa. Aliquam erat volutpat. Mauris sit amet volutpat elit, non feugiat nulla. Integer quis risus a turpis ultrices tristique. Maecenas non libero finibus, interdum ipsum non, convallis elit.', '2019-03-25 10:00:00', '2019-03-25 17:30:00', 'APU Atrium', 'Approved', 'EV00000001.png', 'CB0002', NULL),
('EV00000002', 'Kazakh Fund Raising', 'Vestibulum ante ipsum primis in faucibus orci luctus et ultrices posuere cubilia Curae; Sed vitae odio sagittis, euismod odio at, scelerisque erat. Nullam non tortor aliquam, rhoncus tortor quis, hendrerit nunc. Nulla id nisl massa. Aliquam erat volutpat. Mauris sit amet volutpat elit, non feugiat nulla. Integer quis risus a turpis ultrices tristique. Maecenas non libero finibus, interdum ipsum non, convallis elit.', '2019-03-25 10:00:00', '2019-03-25 17:30:00', 'APU Atrium', 'Approved', 'EV00000002.png', 'CB0011', NULL),
('EV00000003', 'Kazakh Community Performance', 'Quisque dui dui, iaculis sed bibendum sed, commodo vitae est. Praesent commodo nisl eget felis sodales placerat. Praesent eget viverra nibh, vel imperdiet magna. Phasellus venenatis enim porta, porta risus ut, egestas quam. Nam in arcu auctor, iaculis nulla nec, pharetra ipsum. Ut egestas orci laoreet, sagittis nisl vitae, laoreet nunc. Nam id malesuada arcu, non lobortis turpis.', '2019-02-28 12:00:00', '2019-02-28 03:00:00', 'APU Atrium', 'Approved', 'EV00000003.png', 'CB0011', NULL),
('EV00000004', 'Badminton Tournament', 'Vestibulum ante ipsum primis in faucibus orci luctus et ultrices posuere cubilia Curae; Sed vitae odio sagittis, euismod odio at, scelerisque erat. Nullam non tortor aliquam, rhoncus tortor quis, hendrerit nunc. Nulla id nisl massa. Aliquam erat volutpat. Mauris sit amet volutpat elit, non feugiat nulla. Integer quis risus a turpis ultrices tristique. Maecenas non libero finibus, interdum ipsum non, convallis elit.', '2019-03-29 10:00:00', '2019-03-29 18:00:00', 'Endah Parade, 1, Jalan 1/149e, Taman Sri Endah, 57000 Kuala Lumpur, Wilayah Persekutuan Kuala Lumpur', 'Approved', 'EV00000004.png', 'CB0001', NULL),
('EV00000005', 'Indonesian Fund Raising', 'Vestibulum ante ipsum primis in faucibus orci luctus et ultrices posuere cubilia Curae; Sed vitae odio sagittis, euismod odio at, scelerisque erat. Nullam non tortor aliquam, rhoncus tortor quis, hendrerit nunc. Nulla id nisl massa. Aliquam erat volutpat. Mauris sit amet volutpat elit, non feugiat nulla. Integer quis risus a turpis ultrices tristique. Maecenas non libero finibus, interdum ipsum non, convallis elit.', '2019-03-25 10:00:00', '2019-03-25 17:30:00', 'APU Atrium', 'Approved', 'EV00000005.png', 'CB0008', NULL),
('EV00000006', 'Chess Tournament', 'Vestibulum ante ipsum primis in faucibus orci luctus et ultrices posuere cubilia Curae; Sed vitae odio sagittis, euismod odio at, scelerisque erat. Nullam non tortor aliquam, rhoncus tortor quis, hendrerit nunc. Nulla id nisl massa. Aliquam erat volutpat. Mauris sit amet volutpat elit, non feugiat nulla. Integer quis risus a turpis ultrices tristique. Maecenas non libero finibus, interdum ipsum non, convallis elit.', '2019-05-23 10:00:00', '2019-05-23 17:00:00', 'Jalan 1/49d, Sri Petaling, 57000 Kuala Lumpur, Wilayah Persekutuan Kuala Lumpur', 'Approved', 'EV00000006.png', 'CB0003', NULL);

-- --------------------------------------------------------

--
-- Table structure for table `rooms`
--

DROP TABLE IF EXISTS `rooms`;
CREATE TABLE IF NOT EXISTS `rooms` (
  `Room_ID` char(6) NOT NULL,
  `Room_Name` varchar(12) NOT NULL,
  `Room_Type` char(10) NOT NULL,
  PRIMARY KEY (`Room_ID`)
) ENGINE=InnoDB DEFAULT CHARSET=latin1;

--
-- Dumping data for table `rooms`
--

INSERT INTO `rooms` (`Room_ID`, `Room_Name`, `Room_Type`) VALUES
('RM0000', 'Auditorium 1', 'Auditorium'),
('RM0001', 'Auditorium 2', 'Auditorium'),
('RM0002', 'Auditorium 4', 'Auditorium'),
('RM0003', 'Auditorium 5', 'Auditorium'),
('RM0004', 'B-04-02', 'Classroom'),
('RM0005', 'B-04-03', 'Classroom'),
('RM0006', 'B-04-04', 'Classroom'),
('RM0007', 'B-04-07', 'Classroom'),
('RM0008', 'B-04-08', 'Classroom'),
('RM0009', 'B-05-01', 'Classroom'),
('RM0010', 'B-05-02', 'Classroom'),
('RM0011', 'B-05-03', 'Classroom'),
('RM0012', 'B-05-04', 'Classroom'),
('RM0013', 'B-05-06', 'Classroom'),
('RM0014', 'B-05-07', 'Classroom'),
('RM0015', 'B-05-08', 'Classroom'),
('RM0016', 'B-05-09', 'Classroom'),
('RM0017', 'B-05-10', 'Classroom');

-- --------------------------------------------------------

--
-- Table structure for table `rooms_requests`
--

DROP TABLE IF EXISTS `rooms_requests`;
CREATE TABLE IF NOT EXISTS `rooms_requests` (
  `RoomsRequest_ID` char(8) NOT NULL,
  `RoomsRequest_Description` text NOT NULL,
  `RoomsRequest_StartDateTime` datetime NOT NULL,
  `RoomsRequest_EndDateTime` datetime NOT NULL,
  `RoomsRequest_NumberofAttendees` int(3) NOT NULL,
  `RoomsRequest_Approval` char(8) NOT NULL,
  `User_ID` char(8) NOT NULL,
  `Club_ID` char(6) DEFAULT NULL,
  `Event_ID` char(10) DEFAULT NULL,
  `Room_ID` char(6) NOT NULL,
  PRIMARY KEY (`RoomsRequest_ID`),
  KEY `rooms_requests_ibfk_1` (`Club_ID`),
  KEY `rooms_requests_ibfk_2` (`User_ID`),
  KEY `rooms_requests_ibfk_4` (`Room_ID`),
  KEY `rooms_requests_ibfk_3` (`Event_ID`)
) ENGINE=InnoDB DEFAULT CHARSET=latin1;

--
-- Dumping data for table `rooms_requests`
--

INSERT INTO `rooms_requests` (`RoomsRequest_ID`, `RoomsRequest_Description`, `RoomsRequest_StartDateTime`, `RoomsRequest_EndDateTime`, `RoomsRequest_NumberofAttendees`, `RoomsRequest_Approval`, `User_ID`, `Club_ID`, `Event_ID`, `Room_ID`) VALUES
('RR000000', 'Theory Class(5-3-2019) ', '2019-03-05 18:00:00', '2019-03-05 21:00:00', 10, 'Approved', 'TP046533', 'CB0002', NULL, 'RM0004'),
('RR000001', 'Theory Class(19-3-2019)', '2019-03-19 18:00:00', '2019-03-19 21:00:00', 14, 'Approved', 'TP046533', 'CB0002', NULL, 'RM0005'),
('RR000002', 'Theory Class(2-4-2019)', '2019-04-02 18:00:00', '2019-04-02 21:00:00', 13, 'Approved', 'TP046533', 'CB0002', NULL, 'RM0007'),
('RR000003', 'Theory Class(16-4-2019)', '2019-04-16 18:00:00', '2019-04-16 21:00:00', 10, 'Approved', 'TP046533', 'CB0002', NULL, 'RM0004');

-- --------------------------------------------------------

--
-- Table structure for table `total_attendances`
--

DROP TABLE IF EXISTS `total_attendances`;
CREATE TABLE IF NOT EXISTS `total_attendances` (
  `TotalAttendance_ID` int(8) NOT NULL AUTO_INCREMENT,
  `TotalAttendance_Date` date NOT NULL,
  `TotalAttendance_Quantity` int(3) NOT NULL,
  PRIMARY KEY (`TotalAttendance_ID`)
) ENGINE=InnoDB AUTO_INCREMENT=107 DEFAULT CHARSET=latin1;

--
-- Dumping data for table `total_attendances`
--

INSERT INTO `total_attendances` (`TotalAttendance_ID`, `TotalAttendance_Date`, `TotalAttendance_Quantity`) VALUES
(1, '2019-02-07', 4),
(2, '2019-02-14', 5),
(3, '2019-02-21', 4),
(4, '2019-02-28', 3),
(9, '2019-03-04', 5),
(10, '2019-03-11', 6),
(11, '2019-03-18', 6),
(12, '2019-03-25', 6),
(13, '2019-03-04', 5),
(14, '2019-03-11', 5),
(15, '2019-03-18', 4),
(16, '2019-03-25', 6),
(17, '2019-02-07', 5),
(18, '2019-02-14', 3),
(19, '2019-02-21', 4),
(20, '2019-02-28', 5),
(21, '2019-03-01', 6),
(22, '2019-03-08', 4),
(23, '2019-03-15', 5),
(24, '2019-03-22', 5),
(25, '2019-03-29', 6),
(26, '2019-03-04', 6),
(27, '2019-03-11', 5),
(28, '2019-03-18', 5),
(29, '2019-03-25', 5),
(30, '2019-02-05', 10),
(31, '2019-02-07', 9),
(32, '2019-02-12', 9),
(33, '2019-02-14', 11),
(34, '2019-02-19', 10),
(35, '2019-02-21', 9),
(36, '2019-02-26', 10),
(37, '2019-02-28', 7),
(38, '2019-03-05', 10),
(39, '2019-03-07', 8),
(40, '2019-03-12', 10),
(41, '2019-03-14', 10),
(42, '2019-03-19', 10),
(43, '2019-03-21', 11),
(44, '2019-03-26', 10),
(45, '2019-03-28', 8),
(46, '2019-04-02', 8),
(47, '2019-04-04', 9),
(48, '2019-04-09', 9),
(49, '2019-04-11', 10),
(50, '2019-04-16', 8),
(51, '2019-04-18', 11),
(52, '2019-04-23', 12),
(53, '2019-02-06', 7),
(54, '2019-02-07', 3),
(55, '2019-03-15', 8),
(56, '2019-03-14', 3),
(57, '2019-04-23', 3),
(58, '2019-04-23', 9),
(60, '2019-02-21', 7),
(61, '2019-03-15', 8),
(62, '2019-04-23', 6),
(63, '2019-02-06', 3),
(64, '2019-03-21', 1),
(65, '2019-04-23', 3),
(66, '2019-02-13', 3),
(67, '2019-03-20', 4),
(68, '2019-04-23', 3),
(69, '2019-02-22', 7),
(70, '2019-03-15', 6),
(71, '2019-04-23', 7),
(72, '2019-02-14', 2),
(73, '2019-03-14', 2),
(74, '2019-04-04', 2),
(75, '2019-02-06', 8),
(76, '2019-03-06', 8),
(77, '2019-04-03', 7),
(78, '2019-02-05', 3),
(79, '2019-03-05', 4),
(80, '2019-04-02', 4),
(81, '2019-02-05', 4),
(82, '2019-03-19', 3),
(83, '2019-04-23', 4),
(84, '2019-02-05', 7),
(85, '2019-02-07', 7),
(86, '2019-02-12', 5),
(87, '2019-02-14', 7),
(88, '2019-02-19', 9),
(89, '2019-02-21', 8),
(90, '2019-02-26', 7),
(91, '2019-02-28', 6),
(92, '2019-03-05', 7),
(93, '2019-03-07', 7),
(94, '2019-03-12', 8),
(95, '2019-03-14', 7),
(96, '2019-03-19', 7),
(97, '2019-03-21', 9),
(98, '2019-03-26', 7),
(99, '2019-03-28', 7),
(100, '2019-04-02', 8),
(101, '2019-04-04', 7),
(102, '2019-04-09', 7),
(103, '2019-04-11', 7),
(104, '2019-04-16', 8),
(105, '2019-04-18', 7),
(106, '2019-04-23', 7);

-- --------------------------------------------------------

--
-- Table structure for table `transportations`
--

DROP TABLE IF EXISTS `transportations`;
CREATE TABLE IF NOT EXISTS `transportations` (
  `Transportation_ID` char(4) NOT NULL,
  `Transportation_Type` char(3) NOT NULL,
  `Transportation_Seats` int(2) NOT NULL,
  PRIMARY KEY (`Transportation_ID`)
) ENGINE=InnoDB DEFAULT CHARSET=latin1;

--
-- Dumping data for table `transportations`
--

INSERT INTO `transportations` (`Transportation_ID`, `Transportation_Type`, `Transportation_Seats`) VALUES
('TN00', 'Bus', 44),
('TN01', 'Van', 12);

-- --------------------------------------------------------

--
-- Table structure for table `transportations_requests`
--

DROP TABLE IF EXISTS `transportations_requests`;
CREATE TABLE IF NOT EXISTS `transportations_requests` (
  `TransportationsRequest_ID` char(8) NOT NULL,
  `TransportationsRequest_Description` text NOT NULL,
  `TransportationsRequest_DepartureDateTime` datetime NOT NULL,
  `TransportationsRequest_ReturnDateTime` datetime NOT NULL,
  `TransportationsRequest_NumberofAttendees` int(3) NOT NULL,
  `TransportationsRequest_Destination` text NOT NULL,
  `TransportationsRequest_DepartureSite` varchar(61) NOT NULL,
  `TransportationsRequest_ReturnSite` varchar(61) NOT NULL,
  `TransportationsRequest_Approval` char(8) NOT NULL,
  `User_ID` char(8) NOT NULL,
  `Club_ID` char(6) DEFAULT NULL,
  `Event_ID` char(10) DEFAULT NULL,
  `Transportation_ID` char(4) NOT NULL,
  PRIMARY KEY (`TransportationsRequest_ID`),
  KEY `transportations_requests_ibfk_3` (`Event_ID`),
  KEY `transportations_requests_ibfk_1` (`Club_ID`),
  KEY `transportations_requests_ibfk_2` (`User_ID`),
  KEY `transportations_requests_ibfk_4` (`Transportation_ID`)
) ENGINE=InnoDB DEFAULT CHARSET=latin1;

--
-- Dumping data for table `transportations_requests`
--

INSERT INTO `transportations_requests` (`TransportationsRequest_ID`, `TransportationsRequest_Description`, `TransportationsRequest_DepartureDateTime`, `TransportationsRequest_ReturnDateTime`, `TransportationsRequest_NumberofAttendees`, `TransportationsRequest_Destination`, `TransportationsRequest_DepartureSite`, `TransportationsRequest_ReturnSite`, `TransportationsRequest_Approval`, `User_ID`, `Club_ID`, `Event_ID`, `Transportation_ID`) VALUES
('TR000000', 'Basketball Friendly Match with UCSI', '2019-03-22 17:00:00', '2019-03-22 22:00:00', 20, '1, Jalan Puncak Menara Gading, Taman Connaught, 56000 Kuala Lumpur, Wilayah Persekutuan Kuala Lumpur', 'APU Campus', 'APU Campus', 'Approved', 'TP046533', 'CB0002', NULL, 'TN00');

-- --------------------------------------------------------

--
-- Table structure for table `users`
--

DROP TABLE IF EXISTS `users`;
CREATE TABLE IF NOT EXISTS `users` (
  `User_ID` char(8) NOT NULL,
  `User_Password` char(60) NOT NULL,
  `User_FirstName` varchar(30) NOT NULL,
  `User_LastName` varchar(30) NOT NULL,
  `User_DateofBirth` date NOT NULL,
  `User_ContactNumber1` char(12) NOT NULL,
  `User_ContactNumber2` char(12) DEFAULT NULL,
  `User_EmailAddress1` varchar(255) NOT NULL,
  `User_EmailAddress2` varchar(255) DEFAULT NULL,
  `User_Picture` char(12) NOT NULL,
  `User_LastOnline` timestamp NOT NULL DEFAULT CURRENT_TIMESTAMP,
  PRIMARY KEY (`User_ID`)
) ENGINE=InnoDB DEFAULT CHARSET=latin1;

--
-- Dumping data for table `users`
--

INSERT INTO `users` (`User_ID`, `User_Password`, `User_FirstName`, `User_LastName`, `User_DateofBirth`, `User_ContactNumber1`, `User_ContactNumber2`, `User_EmailAddress1`, `User_EmailAddress2`, `User_Picture`, `User_LastOnline`) VALUES
('JCH', '$2y$10$IH7dcR99dGGhkj1N0UHvDeJyNZyQJYNEKE5HkpJlR1J782/4.xBDe', 'Link', 'Neal', '1986-11-23', '016-9905663', NULL, 'dr.neal.apu@gmail.com', NULL, 'JCH.jpg', '2019-04-23 06:38:36'),
('JYG', '$2y$10$9SRTZocWYVBJXfvciQnZWeXnvlEhwFS2z.VS8w02gyWtEVchRBVV2', 'Jonathan', 'Young', '1990-08-20', '012-3456789', NULL, 'jonathanyoung43211234@gmail.com', NULL, 'JYG.jpg', '2019-04-23 08:03:06'),
('NHZ', '$2y$10$lqUtGmlWZjfjj7R3yLikluX3OHtGWK1nOT8q62zvj0kSOE0PU7/PS', 'Nor', 'Hazilah', '1988-02-28', '017-9934429', NULL, 'nor.hazilah.apu@gmail.com', NULL, 'NHZ.jpg', '2019-04-24 04:20:23'),
('NSL', '$2y$10$ldfFf/uaDJKKYuzGwFp5hebWrKL4GRZWaFxZqyU4LI/F2c344TYJG', 'Nor', 'Salahah', '1992-03-26', '017-9954239', NULL, 'nor.salahah@gmail.com', NULL, 'NSL.jpg', '2019-04-23 06:18:55'),
('RZB', '$2y$10$nadmqM0Dk1b/8WngQZYo6.t6hSE24MVQ.yHnrMxB1/YTWFtO03Fie', 'Raen', 'Elizabeth', '1970-05-15', '013-4837553', NULL, 'prof.raen.apu@gmail.com', NULL, 'RZB.jpg', '2019-04-23 07:32:12'),
('TCW', '$2y$10$JBgsxgO4.Ruewbcl9G49a.cgRVBQajAWaZ8cdr2TIGqVQgjS.CJd.', 'Tan', 'Chun Wei', '1987-06-24', '014-3367749', NULL, 'chunwei1999@hotmail.com', NULL, 'TCW.jpg', '2019-04-24 04:19:34'),
('TP044143', '$2y$10$alAjYlyjzxX6YUFJaQe/X.c12B0b96hDgPK8n8hRUQ9vvEKkHcoyu', 'Ning Ming', 'Gan', '1997-08-22', '019-9361156', NULL, 'helenavermin@gmail.com', NULL, 'TP044143.jpg', '2019-04-23 07:59:12'),
('TP044239', '$2y$10$TK4cUkoNnwLiRKMpuL3xsuq9mbSSPRJXfOEzn40iPEUvgJM40XhGC', 'Sally', 'Hawkins', '1998-06-04', '018-7503439', NULL, 'helenavermin@gmail.com', NULL, 'TP044239.jpg', '2019-04-23 06:16:27'),
('TP044248', '$2y$10$v.4bmhHUdVtmvC/UbPRHaOnvMWf6FhYT0MoeeXrdHBXkcWon5Qfia', 'Nur', 'Fazilah', '1994-09-03', '013-3441485', NULL, 'karenrindo@gmail.com', NULL, 'TP044248.jpg', '2019-04-23 07:49:33'),
('TP044369', '$2y$10$CaNaUuZ9VR.R3FrKBirBHujzyXAINZht.HJ/.L/UlqB/VjLuQwLYu', 'Jessie', 'Howarstom', '1993-08-05', '012-4219786', NULL, 'irenemelvettapu@gmail.com', NULL, 'TP044369.jpg', '2019-04-19 04:37:59'),
('TP044436', '$2y$10$Bsxwi7VFlv1LfP77zxiZdO1MQzkgazegFnW6MPef2Nngj4TPF.5.C', 'Gin', 'Hatori', '1990-09-07', '015-8608729', NULL, 'karenrindo@gmail.com', NULL, 'TP044436.jpg', '2019-04-19 04:57:21'),
('TP044462', '$2y$10$FmuQRX3J3dKgUseDj5.BE.uMHb/yzQYghHtyuWebqigy5zNvgTCOO', 'Hina', 'Himawari', '1992-01-16', '013-5001770', NULL, 'margaretroseapu@gmail.com', NULL, 'TP044462.jpg', '2019-04-19 05:53:19'),
('TP044488', '$2y$10$u4eO73Q391U28lrC9Ju2WOyo7MYXTYTutalt3sWJ6ouT8fbr172Qu', 'Tom', 'Howard', '1996-02-07', '012-7976432', NULL, 'karenrindo@gmail.com', NULL, 'TP044488.jpg', '2019-04-19 04:57:22'),
('TP044550', '$2y$10$kz.Hvp/03Bj1iQs.xo7siOlZkeEn/x14oEzTjTgHeBpKINDWUiHSi', 'Marzia', 'Bisognin', '1997-10-07', '015-5625102', NULL, 'darmagunardi@gmail.com', NULL, 'TP044550.jpg', '2019-04-19 04:46:22'),
('TP044832', '$2y$10$naiRTMuj.b66JsYzL7WufOjj1AHZsH6qArbw.qHolKGVY4Wn4a9Qy', 'Muhammad', 'Amid', '1991-01-26', '015-1984931', NULL, 'irenemelvettapu@gmail.com', NULL, 'TP044832.jpg', '2019-04-23 07:21:52'),
('TP044855', '$2y$10$j.zs48Q9v1R4sk22tzxE.u91Vgw12/Cbq7mp55B8FPJq/Zqqfa.We', 'Vik', 'Wedgeman', '1991-08-17', '015-9407540', NULL, 'darmagunardi@gmail.com', NULL, 'TP044855.jpg', '2019-04-19 04:46:22'),
('TP045318', '$2y$10$wExDOM8fxChdYBSNU1xF3Ou03UESG2Tt4edPuzL9e0t3T339mOOYi', 'Feng Ting', 'Qiu', '1999-06-28', '017-9458329', NULL, 'margaretroseapu@gmail.com', NULL, 'TP045318.jpg', '2019-04-19 05:53:19'),
('TP045512', '$2y$10$7zYEVziS9pJUvRzxOAZL9OAlb9NzrS7Yt.AL7CgLeJhh4XKi1V2KO', 'John', 'Marston', '1994-03-14', '010-7380605', NULL, 'irenemelvettapu@gmail.com', NULL, 'TP045512.jpg', '2019-04-19 04:38:00'),
('TP045691', '$2y$10$zmO1qru0WGUGkx9sfdCl0OHfGUdPh.dmZ0iW7s5AWFZCbt2u3XDFa', 'Sayori', 'Megumin', '1993-01-23', '019-3794553', NULL, 'helenavermin@gmail.com', NULL, 'TP045691.jpg', '2019-04-19 04:51:39'),
('TP045793', '$2y$10$n/7e8M..Sx5Bf6nlrgNh2OMVzxKC6uzX.uKXG63Z65BnBtiZHs.H6', 'Josh', 'Fordean', '1996-02-12', '013-8654903', NULL, 'darmagunardi@gmail.com', NULL, 'TP045793.jpg', '2019-04-19 04:46:22'),
('TP045852', '$2y$10$CdOEpimLHbI.Qv27BDI8B.EcTcOG7RcGmHWSVNVQ/xfDeOVLrhA6i', 'Rin', 'Kobayashi', '1999-08-17', '018-3149398', NULL, 'irenemelvettapu@gmail.com', NULL, 'TP045852.jpg', '2019-04-19 04:37:59'),
('TP045928', '$2y$10$qtER0d/g8rwkRLy27cghqO2rNqkrSqWIf87j0u5tXNwhtjJS60Cg2', 'Bryan', 'Leong', '1999-07-23', '011-34435932', NULL, 'TP045928@mail.apu.edu.my', NULL, 'TP045928.jpg', '0000-00-00 00:00:00'),
('TP046039', '$2y$10$Sn5Bt4D4X/l32RZTZxzoXeqKKUy.wu9ncPzeS20o.mf.MVhF7an0C', 'Olajide', 'Olatunji', '1995-06-28', '018-2042492', NULL, 'darmagunardi@gmail.com', NULL, 'TP046039.jpg', '2019-04-19 04:46:22'),
('TP046085', '$2y$10$fZgRsqYONG/m6wJUBOuXyO28iVqF1aRfXjRR3ugoQDNqHsJ.UQuyW', 'Hoh', 'Kok Young', '1999-09-28', '016-9975027', NULL, 'TP046085@mail.apu.edu.my', NULL, 'TP046085.jpg', '2019-04-23 06:44:03'),
('TP046118', '$2y$10$EabdoLBKhGoXz523C6qnR.cJ3eQ6ywcWIrwzrEjGQdbnpgd484tjK', 'Law', 'Twei Jiunn', '1999-03-26', '012-6309984', NULL, 'TP046118@mail.apu.edu.my', NULL, 'TP046118.jpg', '2019-04-17 10:15:09'),
('TP046241', '$2y$10$/oVkbEUDtstm4g1.ComUOezVD3.y5p0x55h9lu0hc1UDDrKtjRX0O', 'Chooi', 'Chun Wei', '1999-11-12', '017-2937692', NULL, 'TP046241@mail.apu.edu.my', NULL, 'TP046241.jpg', '2019-04-23 16:18:50'),
('TP046275', '$2y$10$Dq21nwdgBoKW7PSaHLN3ueIzDiK2E7LFBQjX3Uw3g2BD7It.C.aUq', 'Lee Hao', 'Lim', '1991-01-18', '012-7207990', NULL, 'darmagunardi@gmail.com', NULL, 'TP046275.jpg', '2019-04-19 04:46:22'),
('TP046395', '$2y$10$Wn3OiBosASZ/Z4aJ/JAG/..i2J/V9K36yEvmnUdGCKOVfNG9aorDO', 'Chin', 'Boon Onn', '1999-04-21', '012-5383913', NULL, 'TP046395@mail.apu.edu.my', NULL, 'TP046395.jpg', '0000-00-00 00:00:00'),
('TP046400', '$2y$10$TCTU6p3zRPb0jWwxiiAC9euS8wxBMyf1r34JA2NiarvaSW4SzPUpq', 'Dutch', 'Linde', '1995-11-17', '018-0151710', NULL, 'margaretroseapu@gmail.com', NULL, 'TP046400.jpg', '2019-04-23 07:33:33'),
('TP046474', '$2y$10$IjGoNOTvCEB0qgQv5SuSROVzeoXfZ2Z8nqEHsUgJBKSHEufgyd/by', 'Pauline', 'Hanson', '1999-06-11', '017-4323049', NULL, 'helenavermin@gmail.com', NULL, 'TP046474.jpg', '2019-04-19 04:51:39'),
('TP046490', '$2y$10$O/63NMzT2xYzksKIjlIL5.woUHR8LSswPxsmtsavFCnlgfazqThQi', 'Shido', 'Hayori', '1996-11-01', '017-4132914', NULL, 'helenavermin@gmail.com', NULL, 'TP046490.jpg', '2019-04-19 04:51:39'),
('TP046533', '$2y$10$6h.BxqqyFVlLBEZ4pALrQ.wccGW27A.jDTjRDG9MHW6ddlP0Glrsu', 'Jozhua', 'Ten', '1999-06-17', '012-6613422', NULL, 'TP046533@mail.apu.edu.my', NULL, 'TP046533.jpg', '2019-04-23 07:45:06'),
('TP046735', '$2y$10$vVgYt4MyH3l8viB0xckEFeTxksUYW5uZg84hru5IBM8gZ0vd6QVIe', 'Darma', 'Gunardi', '1990-01-12', '017-1780475', NULL, 'darmagunardi@gmail.com', NULL, 'TP046735.jpg', '2019-04-23 06:29:46'),
('TP046981', '$2y$10$muFpgXxg65Atp/AkjXuxQe5yivGkvNd7B.hMZw34ooDFKNBFnkcdG', 'Cole', 'Oliver', '1992-09-18', '015-5345504', NULL, 'karenrindo@gmail.com', NULL, 'TP046981.jpg', '2019-04-23 07:15:24'),
('TP046984', '$2y$10$2S/mGV.SSDSeBYmTiGAvsuLNxyXzJHIOkRQnykcg3QXkf3E8wj9yu', 'Rindo', 'Karen', '1999-07-05', '018-5618044', NULL, 'karenrindo@gmail.com', NULL, 'TP046984.jpg', '2019-04-19 04:57:21'),
('TP047050', '$2y$10$/2zjPND4Z0q8fckyrhvMQeBEtTA.oIqDakZ.aAfZFMM6tkIDQQL8q', 'Nur', 'Nadilah', '1992-03-20', '012-0523330', NULL, 'margaretroseapu@gmail.com', NULL, 'TP047050.jpg', '2019-04-19 05:53:19'),
('TP047051', '$2y$10$ixLF3AN/uZkmRmuD2qJxzeY46OGDq57akVbFwhtXM1XSXGCGaYmQ2', 'Li Qing', 'Liew', '1993-05-04', '014-4162655', NULL, 'darmagunardi@gmail.com', NULL, 'TP047051.jpg', '2019-04-19 04:46:22'),
('TP047126', '$2y$10$ScoZhkraSZSuULF6SAUjFe6fDtlE0oVXBytYjCKBBmYakfG2Y/o6K', 'Arthur', 'Morgan', '1995-12-28', '012-2511601', NULL, 'margaretroseapu@gmail.com', NULL, 'TP047126.jpg', '2019-04-19 05:53:19'),
('TP047167', '$2y$10$7z9YuFTW.kfAE.U2154TZeRjvFas7Fapo/0.eyxDtJC82ezS1L8fm', 'Muhammad', 'Yassir', '1997-01-15', '018-7892160', NULL, 'irenemelvettapu@gmail.com', NULL, 'TP047167.jpg', '2019-04-23 07:19:46'),
('TP047308', '$2y$10$cMpMfa1TUpGP4m/lsjb9H.OyVmKdLU04E2VjdgT/3zfl4UmPrUda.', 'Daniel', 'Gabriel', '1999-12-24', '017-2226579', NULL, 'irenemelvettapu@gmail.com', NULL, 'TP047308.jpg', '2019-04-23 07:49:03'),
('TP047401', '$2y$10$NyopdqwTfRUuSwm7raAJQei7DRsQjrafTjSXZG7ciUPs27UMTGahK', 'Stephanie', 'Lu', '1990-10-10', '012-2347819', NULL, 'irenemelvettapu@gmail.com', NULL, 'TP047401.jpg', '2019-04-19 04:37:59'),
('TP047486', '$2y$10$dYw9VEV9hiTACHkaUDhxPOvWmpZqRaZJvEYFIsVFSDGxrX0fOHkxS', 'Jessica', 'Katz', '1992-02-03', '016-7922240', NULL, 'karenrindo@gmail.com', NULL, 'TP047486.jpg', '2019-04-19 04:57:22'),
('TP047546', '$2y$10$I9xyVqHENoTBDyJ3xOd.D.4R39Dopa54T7A2LTFg18mskQnjAfAni', 'Tobi', 'Mcguire', '1998-02-04', '017-2489408', NULL, 'darmagunardi@gmail.com', NULL, 'TP047546.jpg', '2019-04-19 04:46:22'),
('TP047592', '$2y$10$zsbAJ3OImxNMqTtkjDUoHOfuduzyKbg0JucPY2xq4yBnXOYUaqvEC', 'Nur', 'Aqila', '1991-07-25', '013-1330348', NULL, 'karenrindo@gmail.com', NULL, 'TP047592.jpg', '2019-04-23 07:20:39'),
('TP047633', '$2y$10$PkJVrojI8ChI69lpQdawGuiSkKjagMvvnuoE0NoEwLcfCpS.37woq', 'Jenny', 'Walker', '1999-12-15', '014-3540160', NULL, 'helenavermin@gmail.com', NULL, 'TP047633.jpg', '2019-04-19 04:51:39'),
('TP047721', '$2y$10$tysnyKa7yy2ba0KcU4d8auviJN/p9N7YadK6PN51o/u0pewM7wSG6', 'Valerie', 'Goh', '1990-09-16', '015-2551510', NULL, 'irenemelvettapu@gmail.com', NULL, 'TP047721.jpg', '2019-04-19 04:38:00'),
('TP047725', '$2y$10$xRH6lE7HQPmoi.Bi1ap.PudlasSjXFYc.dxDKUqHC.GZfQDctBMJG', 'Ning Ling', 'Qi', '1998-03-18', '012-4659903', NULL, 'karenrindo@gmail.com', NULL, 'TP047725.jpg', '2019-04-19 04:57:21'),
('TP047772', '$2y$10$r1EnTydVUpc7ZHABix9Xl.c/f08nQyLlPYKMaSxRIqOShKgqZnTye', 'Paul', 'Hewford', '1995-03-04', '016-0506632', NULL, 'helenavermin@gmail.com', NULL, 'TP047772.jpg', '2019-04-19 04:51:39'),
('TP047788', '$2y$10$6C7A5pYdd0x0lTNOJV8wTeVkiylOWGYEFDYLl/jxGzPtJ8IQpw3LC', 'Katherine', 'Schwarzenegger', '1990-02-24', '017-6512673', NULL, 'karenrindo@gmail.com', NULL, 'TP047788.jpg', '2019-04-23 16:19:29'),
('TP047810', '$2y$10$QD5wNMJZpJhcVOEZsqlRkeh.P2ztdQyeYTKtMNbyRmC2M1VVzqt26', 'Irene', 'Melvett', '1997-02-25', '018-9363668', NULL, 'irenemelvettapu@gmail.com', NULL, 'TP047810.jpg', '2019-04-19 04:37:59'),
('TP047823', '$2y$10$u8uOEyH3/P4aXfY2gOrIFeTED8uLX39nvJKKWJgpEW99sCw/38JIq', 'Helena', 'Vermin', '1990-02-23', '018-6947066', NULL, 'helenavermin@gmail.com', NULL, 'TP047823.jpg', '2019-04-23 07:35:24'),
('TP047949', '$2y$10$lLwF4fZQ5k.SWXraakrPDelEBTGQdspPtCfKhIfFkGSM4d6czcDYi', 'Hillary', 'Denord', '1992-12-23', '016-3807366', NULL, 'helenavermin@gmail.com', NULL, 'TP047949.jpg', '2019-04-19 04:51:39'),
('TP047951', '$2y$10$5Gpmq0MalHcYWImhzHnvreIbYp8JODj24U/EzL5MagsWinVs2hUIa', 'Muhammad', 'Afiq', '1999-08-18', '016-9203045', NULL, 'darmagunardi@gmail.com', NULL, 'TP047951.jpg', '2019-04-19 04:46:22');

-- --------------------------------------------------------

--
-- Table structure for table `usersclub_committeeroles`
--

DROP TABLE IF EXISTS `usersclub_committeeroles`;
CREATE TABLE IF NOT EXISTS `usersclub_committeeroles` (
  `UsersClub_CommitteeRole` char(2) NOT NULL,
  `UsersClub_CommitteeRoleDetails` varchar(19) NOT NULL,
  PRIMARY KEY (`UsersClub_CommitteeRole`)
) ENGINE=InnoDB DEFAULT CHARSET=latin1;

--
-- Dumping data for table `usersclub_committeeroles`
--

INSERT INTO `usersclub_committeeroles` (`UsersClub_CommitteeRole`, `UsersClub_CommitteeRoleDetails`) VALUES
('C0', 'President'),
('C1', 'Vice President'),
('C2', 'Secretary'),
('C3', 'Assistant Secretary'),
('C4', 'Treasurer'),
('C5', 'Assistant Treasurer');

-- --------------------------------------------------------

--
-- Table structure for table `usersclub_roles`
--

DROP TABLE IF EXISTS `usersclub_roles`;
CREATE TABLE IF NOT EXISTS `usersclub_roles` (
  `UsersClub_Role` int(1) NOT NULL AUTO_INCREMENT,
  `UsersClub_RoleDetails` varchar(9) NOT NULL,
  PRIMARY KEY (`UsersClub_Role`)
) ENGINE=InnoDB AUTO_INCREMENT=5 DEFAULT CHARSET=latin1;

--
-- Dumping data for table `usersclub_roles`
--

INSERT INTO `usersclub_roles` (`UsersClub_Role`, `UsersClub_RoleDetails`) VALUES
(0, 'Admin'),
(1, 'Advisor'),
(2, 'Committee'),
(3, 'Member'),
(4, 'Student');

-- --------------------------------------------------------

--
-- Table structure for table `usersevent_roles`
--

DROP TABLE IF EXISTS `usersevent_roles`;
CREATE TABLE IF NOT EXISTS `usersevent_roles` (
  `UsersEvent_Role` int(1) NOT NULL AUTO_INCREMENT,
  `UsersEvent_RoleDetails` char(9) NOT NULL,
  PRIMARY KEY (`UsersEvent_Role`)
) ENGINE=InnoDB AUTO_INCREMENT=7 DEFAULT CHARSET=latin1;

--
-- Dumping data for table `usersevent_roles`
--

INSERT INTO `usersevent_roles` (`UsersEvent_Role`, `UsersEvent_RoleDetails`) VALUES
(0, 'Admin'),
(1, 'Advisor'),
(2, 'Organiser'),
(3, 'Committee'),
(4, 'Volunteer'),
(5, 'Follower'),
(6, 'Student');

-- --------------------------------------------------------

--
-- Table structure for table `users_clubs`
--

DROP TABLE IF EXISTS `users_clubs`;
CREATE TABLE IF NOT EXISTS `users_clubs` (
  `User_ID` char(8) NOT NULL,
  `Club_ID` char(6) DEFAULT NULL,
  `UsersClub_Approval` char(9) NOT NULL,
  `UsersClub_Role` int(1) NOT NULL,
  `UsersClub_CommitteeRole` char(2) DEFAULT NULL,
  KEY `users_clubs_ibfk_1` (`Club_ID`),
  KEY `users_clubs_ibfk_2` (`User_ID`),
  KEY `users_clubs_ibfk_3` (`UsersClub_CommitteeRole`),
  KEY `users_clubs_ibfk_4` (`UsersClub_Role`)
) ENGINE=InnoDB DEFAULT CHARSET=latin1;

--
-- Dumping data for table `users_clubs`
--

INSERT INTO `users_clubs` (`User_ID`, `Club_ID`, `UsersClub_Approval`, `UsersClub_Role`, `UsersClub_CommitteeRole`) VALUES
('JYG', NULL, 'Approved', 0, NULL),
('TP044143', 'CB0002', 'Approved', 3, NULL),
('TP044143', 'CB0001', 'Approved', 2, 'C3'),
('TP044143', 'CB0003', 'Approved', 3, NULL),
('TP044239', 'CB0002', 'Approved', 2, 'C1'),
('TP044239', 'CB0001', 'Approved', 2, 'C0'),
('TP044239', 'CB0000', 'Approved', 3, NULL),
('TP044248', 'CB0002', 'Approved', 2, 'C2'),
('TP044248', 'CB0001', 'Approved', 2, 'C4'),
('TP044248', 'CB0007', 'Approved', 2, 'C5'),
('TP044369', 'CB0002', 'Approved', 2, 'C3'),
('TP044369', 'CB0001', 'Approved', 3, NULL),
('TP044369', 'CB0007', 'Approved', 2, 'C0'),
('TP044436', 'CB0002', 'Approved', 2, 'C5'),
('TP044488', 'CB0002', 'Approved', 2, 'C4'),
('TP046984', 'CB0001', 'Approved', 2, 'C5'),
('TP047051', 'CB0001', 'Approved', 3, NULL),
('TP047051', 'CB0008', 'Approved', 3, NULL),
('TP046395', 'CB0007', 'Approved', 2, 'C1'),
('TP047592', 'CB0007', 'Approved', 2, 'C2'),
('TP047486', 'CB0007', 'Approved', 2, 'C3'),
('TP045852', 'CB0007', 'Approved', 2, 'C4'),
('TP047823', 'CB0004', 'Approved', 2, 'C0'),
('TP047823', 'CB0002', 'Approved', 3, NULL),
('TP047633', 'CB0004', 'Approved', 2, 'C1'),
('TP047951', 'CB0004', 'Approved', 2, 'C2'),
('TP046275', 'CB0004', 'Approved', 2, 'C4'),
('TP047592', 'CB0004', 'Approved', 2, 'C3'),
('TP044855', 'CB0004', 'Approved', 2, 'C5'),
('TP046735', 'CB0008', 'Approved', 2, 'C0'),
('TP047167', 'CB0011', 'Approved', 2, 'C0'),
('TP046275', 'CB0008', 'Approved', 2, 'C1'),
('TP047167', 'CB0008', 'Approved', 2, 'C2'),
('TP046395', 'CB0008', 'Approved', 2, 'C4'),
('TP046981', 'CB0008', 'Approved', 2, 'C5'),
('TP044832', 'CB0011', 'Approved', 2, 'C1'),
('TP044855', 'CB0011', 'Approved', 2, 'C2'),
('TP047810', 'CB0011', 'Approved', 2, 'C3'),
('TP047949', 'CB0011', 'Approved', 2, 'C4'),
('TP047592', 'CB0011', 'Approved', 2, 'C5'),
('TP046241', 'CB0001', 'Approved', 3, NULL),
('TP047772', 'CB0001', 'Approved', 3, NULL),
('TP046735', 'CB0002', 'Approved', 3, NULL),
('TP044550', 'CB0002', 'Approved', 3, NULL),
('TP047546', 'CB0002', 'Approved', 3, NULL),
('TP046241', 'CB0002', 'Approved', 3, NULL),
('TP044143', 'CB0007', 'Approved', 3, NULL),
('TP044436', 'CB0007', 'Approved', 3, NULL),
('TP046275', 'CB0007', 'Approved', 3, NULL),
('TP047167', 'CB0004', 'Approved', 3, NULL),
('TP045793', 'CB0004', 'Approved', 3, NULL),
('TP046474', 'CB0004', 'Approved', 3, NULL),
('TP045691', 'CB0004', 'Approved', 3, NULL),
('TP047951', 'CB0011', 'Approved', 3, NULL),
('TP047308', 'CB0011', 'Approved', 3, NULL),
('TP047725', 'CB0011', 'Approved', 3, NULL),
('TP047050', 'CB0011', 'Approved', 3, NULL),
('TP045928', 'CB0008', 'Approved', 3, NULL),
('TP045691', 'CB0008', 'Approved', 3, NULL),
('TP047401', 'CB0008', 'Approved', 3, NULL),
('TP047592', 'CB0008', 'Approved', 3, NULL),
('TP047308', 'CB0000', 'Approved', 2, 'C0'),
('TP044436', 'CB0000', 'Approved', 2, 'C1'),
('TP047788', 'CB0003', 'Approved', 2, 'C0'),
('TP047546', 'CB0003', 'Approved', 2, 'C2'),
('TP046400', 'CB0005', 'Approved', 2, 'C0'),
('TP047823', 'CB0005', 'Approved', 2, 'C2'),
('TP046981', 'CB0006', 'Approved', 2, 'C0'),
('TP046984', 'CB0006', 'Approved', 2, 'C2'),
('TP044832', 'CB0009', 'Approved', 2, 'C0'),
('TP047486', 'CB0009', 'Approved', 2, 'C2'),
('TP047592', 'CB0010', 'Approved', 2, 'C0'),
('TP046984', 'CB0010', 'Approved', 2, 'C1'),
('TP046395', 'CB0003', 'Approved', 3, NULL),
('TP047167', 'CB0003', 'Approved', 3, NULL),
('TP047633', 'CB0000', 'Approved', 3, NULL),
('TP047949', 'CB0000', 'Approved', 3, NULL),
('TP046275', 'CB0005', 'Approved', 3, NULL),
('TP047810', 'CB0006', 'Approved', 3, NULL),
('TP044832', 'CB0006', 'Approved', 3, NULL),
('TP046981', 'CB0009', 'Approved', 3, NULL),
('TP047788', 'CB0009', 'Approved', 3, NULL),
('TP045793', 'CB0010', 'Approved', 3, NULL),
('TP047725', 'CB0001', 'Approved', 2, 'C2'),
('TCW', 'CB0002', 'Approved', 1, NULL),
('TP046533', 'CB0002', 'Approved', 2, 'C0'),
('JCH', 'CB0011', 'Approved', 1, NULL),
('RZB', 'CB0001', 'Approved', 1, NULL),
('NHZ', NULL, 'Approved', 1, NULL),
('NSL', 'CB0008', 'Approved', 1, NULL),
('JCH', 'CB0003', 'Approved', 1, NULL);

-- --------------------------------------------------------

--
-- Table structure for table `users_events`
--

DROP TABLE IF EXISTS `users_events`;
CREATE TABLE IF NOT EXISTS `users_events` (
  `User_ID` char(8) NOT NULL,
  `Event_ID` char(10) NOT NULL,
  `UsersEvent_Approval` char(9) NOT NULL,
  `UsersEvent_Role` int(1) NOT NULL,
  `UsersEvent_CommitteeRole` varchar(50) DEFAULT NULL,
  KEY `Event_ID` (`Event_ID`),
  KEY `users_events_ibfk_1` (`User_ID`),
  KEY `users_events_ibfk_3` (`UsersEvent_Role`)
) ENGINE=InnoDB DEFAULT CHARSET=latin1;

--
-- Dumping data for table `users_events`
--

INSERT INTO `users_events` (`User_ID`, `Event_ID`, `UsersEvent_Approval`, `UsersEvent_Role`, `UsersEvent_CommitteeRole`) VALUES
('TCW', 'EV00000000', 'Approved', 1, ''),
('TP046533', 'EV00000000', 'Approved', 2, 'Organiser'),
('TP046241', 'EV00000000', 'Approved', 3, 'Secretary'),
('TP046735', 'EV00000000', 'Approved', 3, 'Treasurer'),
('TP044436', 'EV00000000', 'Approved', 3, 'Assistant Secretary'),
('TP047823', 'EV00000000', 'Approved', 3, 'Assistant Treasurer'),
('TCW', 'EV00000001', 'Approved', 1, ''),
('TP046533', 'EV00000001', 'Approved', 2, 'Organiser'),
('TP044369', 'EV00000001', 'Approved', 3, 'Vice President'),
('TP044550', 'EV00000001', 'Approved', 3, 'Secretary'),
('TP044143', 'EV00000001', 'Approved', 3, 'Assistant Secretary '),
('TP044248', 'EV00000001', 'Approved', 3, 'Treasurer'),
('TP047546', 'EV00000001', 'Approved', 3, 'Assistant Treasurer'),
('TP044488', 'EV00000001', 'Approved', 3, 'Coordinator'),
('JCH', 'EV00000002', 'Approved', 1, ''),
('TP047167', 'EV00000002', 'Approved', 2, 'Organiser'),
('TP047308', 'EV00000002', 'Approved', 3, ''),
('TP044832', 'EV00000002', 'Approved', 3, ''),
('TP047951', 'EV00000002', 'Approved', 3, ''),
('TP047725', 'EV00000002', 'Approved', 3, ''),
('TP044855', 'EV00000002', 'Approved', 3, ''),
('JCH', 'EV00000003', 'Approved', 1, ''),
('TP047167', 'EV00000003', 'Approved', 2, 'Organiser'),
('TP047725', 'EV00000003', 'Approved', 3, ''),
('TP047592', 'EV00000003', 'Approved', 3, ''),
('TP047050', 'EV00000003', 'Approved', 3, ''),
('TP044855', 'EV00000003', 'Approved', 3, ''),
('RZB', 'EV00000004', 'Approved', 1, ''),
('TP044239', 'EV00000004', 'Approved', 2, 'Organiser'),
('TP047051', 'EV00000004', 'Approved', 3, ''),
('TP047725', 'EV00000004', 'Approved', 3, ''),
('TP044143', 'EV00000004', 'Approved', 3, ''),
('TP047772', 'EV00000004', 'Approved', 3, ''),
('TP046984', 'EV00000004', 'Approved', 3, ''),
('NSL', 'EV00000005', 'Approved', 1, ''),
('TP046735', 'EV00000005', 'Approved', 2, 'Organiser'),
('TP046395', 'EV00000005', 'Approved', 3, ''),
('TP046981', 'EV00000005', 'Approved', 3, ''),
('TP047051', 'EV00000005', 'Approved', 3, ''),
('TP047167', 'EV00000005', 'Approved', 3, ''),
('TP045691', 'EV00000005', 'Approved', 3, ''),
('JCH', 'EV00000006', 'Approved', 1, ''),
('TP047788', 'EV00000006', 'Approved', 2, 'Organiser'),
('TP046395', 'EV00000006', 'Approved', 3, 'Secretary'),
('TP047167', 'EV00000006', 'Approved', 3, 'Assistant Secretary'),
('TP044143', 'EV00000006', 'Approved', 3, 'Treasurer'),
('TP047546', 'EV00000006', 'Approved', 3, 'Assistant Treasurer'),
('TP046241', 'EV00000006', 'Approved', 4, NULL);

--
-- Constraints for dumped tables
--

--
-- Constraints for table `announcements`
--
ALTER TABLE `announcements`
  ADD CONSTRAINT `announcements_ibfk_1` FOREIGN KEY (`Club_ID`) REFERENCES `clubs` (`Club_ID`) ON DELETE CASCADE ON UPDATE CASCADE,
  ADD CONSTRAINT `announcements_ibfk_2` FOREIGN KEY (`Event_ID`) REFERENCES `events` (`Event_ID`) ON DELETE CASCADE ON UPDATE CASCADE;

--
-- Constraints for table `attendances`
--
ALTER TABLE `attendances`
  ADD CONSTRAINT `attendances_ibfk_1` FOREIGN KEY (`Club_ID`) REFERENCES `clubs` (`Club_ID`) ON DELETE CASCADE ON UPDATE CASCADE,
  ADD CONSTRAINT `attendances_ibfk_2` FOREIGN KEY (`User_ID`) REFERENCES `users` (`User_ID`) ON DELETE CASCADE ON UPDATE CASCADE,
  ADD CONSTRAINT `attendances_ibfk_3` FOREIGN KEY (`Event_ID`) REFERENCES `events` (`Event_ID`) ON DELETE CASCADE ON UPDATE CASCADE,
  ADD CONSTRAINT `attendances_ibfk_4` FOREIGN KEY (`TotalAttendance_ID`) REFERENCES `total_attendances` (`TotalAttendance_ID`) ON DELETE CASCADE ON UPDATE CASCADE;

--
-- Constraints for table `events`
--
ALTER TABLE `events`
  ADD CONSTRAINT `events_ibfk_1` FOREIGN KEY (`Club_ID`) REFERENCES `clubs` (`Club_ID`) ON DELETE CASCADE ON UPDATE CASCADE,
  ADD CONSTRAINT `events_ibfk_2` FOREIGN KEY (`Old_ID`) REFERENCES `events` (`Event_ID`);

--
-- Constraints for table `rooms_requests`
--
ALTER TABLE `rooms_requests`
  ADD CONSTRAINT `rooms_requests_ibfk_1` FOREIGN KEY (`Club_ID`) REFERENCES `clubs` (`Club_ID`) ON DELETE CASCADE ON UPDATE CASCADE,
  ADD CONSTRAINT `rooms_requests_ibfk_2` FOREIGN KEY (`User_ID`) REFERENCES `users` (`User_ID`) ON DELETE CASCADE ON UPDATE CASCADE,
  ADD CONSTRAINT `rooms_requests_ibfk_3` FOREIGN KEY (`Event_ID`) REFERENCES `events` (`Event_ID`) ON DELETE CASCADE ON UPDATE CASCADE,
  ADD CONSTRAINT `rooms_requests_ibfk_4` FOREIGN KEY (`Room_ID`) REFERENCES `rooms` (`Room_ID`) ON DELETE CASCADE ON UPDATE CASCADE;

--
-- Constraints for table `transportations_requests`
--
ALTER TABLE `transportations_requests`
  ADD CONSTRAINT `transportations_requests_ibfk_1` FOREIGN KEY (`Club_ID`) REFERENCES `clubs` (`Club_ID`) ON DELETE CASCADE ON UPDATE CASCADE,
  ADD CONSTRAINT `transportations_requests_ibfk_2` FOREIGN KEY (`User_ID`) REFERENCES `users` (`User_ID`) ON DELETE CASCADE ON UPDATE CASCADE,
  ADD CONSTRAINT `transportations_requests_ibfk_3` FOREIGN KEY (`Event_ID`) REFERENCES `events` (`Event_ID`) ON DELETE CASCADE ON UPDATE CASCADE,
  ADD CONSTRAINT `transportations_requests_ibfk_4` FOREIGN KEY (`Transportation_ID`) REFERENCES `transportations` (`Transportation_ID`) ON DELETE CASCADE ON UPDATE CASCADE;

--
-- Constraints for table `users_clubs`
--
ALTER TABLE `users_clubs`
  ADD CONSTRAINT `users_clubs_ibfk_1` FOREIGN KEY (`Club_ID`) REFERENCES `clubs` (`Club_ID`) ON DELETE CASCADE ON UPDATE CASCADE,
  ADD CONSTRAINT `users_clubs_ibfk_2` FOREIGN KEY (`User_ID`) REFERENCES `users` (`User_ID`) ON DELETE CASCADE ON UPDATE CASCADE,
  ADD CONSTRAINT `users_clubs_ibfk_3` FOREIGN KEY (`UsersClub_CommitteeRole`) REFERENCES `usersclub_committeeroles` (`UsersClub_CommitteeRole`) ON DELETE CASCADE ON UPDATE CASCADE,
  ADD CONSTRAINT `users_clubs_ibfk_4` FOREIGN KEY (`UsersClub_Role`) REFERENCES `usersclub_roles` (`UsersClub_Role`) ON DELETE CASCADE ON UPDATE CASCADE;

--
-- Constraints for table `users_events`
--
ALTER TABLE `users_events`
  ADD CONSTRAINT `users_events_ibfk_1` FOREIGN KEY (`User_ID`) REFERENCES `users` (`User_ID`) ON DELETE CASCADE ON UPDATE CASCADE,
  ADD CONSTRAINT `users_events_ibfk_2` FOREIGN KEY (`Event_ID`) REFERENCES `events` (`Event_ID`) ON DELETE CASCADE ON UPDATE CASCADE,
  ADD CONSTRAINT `users_events_ibfk_3` FOREIGN KEY (`UsersEvent_Role`) REFERENCES `usersevent_roles` (`UsersEvent_Role`) ON DELETE CASCADE ON UPDATE CASCADE;
COMMIT;

/*!40101 SET CHARACTER_SET_CLIENT=@OLD_CHARACTER_SET_CLIENT */;
/*!40101 SET CHARACTER_SET_RESULTS=@OLD_CHARACTER_SET_RESULTS */;
/*!40101 SET COLLATION_CONNECTION=@OLD_COLLATION_CONNECTION */;
